日期,地理位置,观看次数
2014-12,AE,0
2015-01,AE,0
2015-02,AE,0
2015-03,AE,12
2015-04,AE,10
2015-05,AE,21
2015-06,AE,0
2015-07,AE,85
2015-08,AE,0
2015-09,AE,22
2015-10,AE,0
2015-11,AE,0
2015-12,AE,11
2016-01,AE,30
2016-02,AE,0
2016-03,AE,0
2016-04,AE,0
2016-05,AE,0
2016-06,AE,0
2016-07,AE,0
2016-08,AE,0
2016-09,AE,25
2016-10,AE,10
2016-11,AE,0
2016-12,AE,0
2017-01,AE,12
2017-02,AE,13
2017-03,AE,0
2017-04,AE,20
2017-05,AE,14
2017-06,AE,0
2017-07,AE,0
2017-08,AE,10
2017-09,AE,0
2017-10,AE,0
2017-11,AE,0
2017-12,AE,0
2018-01,AE,0
2018-02,AE,0
2018-03,AE,0
2018-04,AE,0
2018-05,AE,0
2018-06,AE,11
2018-07,AE,0
2018-08,AE,0
2018-09,AE,0
2018-10,AE,0
2018-11,AE,0
2018-12,AE,0
2019-01,AE,0
2019-02,AE,0
2019-03,AE,0
2019-04,AE,0
2019-05,AE,0
2019-06,AE,0
2019-07,AE,0
2019-08,AE,0
2019-09,AE,0
2019-10,AE,0
2019-11,AE,0
2019-12,AE,0
2020-01,AE,0
2020-02,AE,0
2020-03,AE,0
2020-04,AE,0
2020-05,AE,0
2020-06,AE,0
2020-07,AE,0
2020-08,AE,42
2020-09,AE,0
2020-10,AE,0
2020-11,AE,11
2020-12,AE,0
2021-01,AE,0
2021-02,AE,0
2021-03,AE,0
2021-04,AE,0
2021-05,AE,0
2021-06,AE,0
2021-07,AE,0
2021-08,AE,0
2021-09,AE,0
2021-10,AE,0
2021-11,AE,0
2021-12,AE,0
2022-01,AE,0
2022-02,AE,0
2022-03,AE,0
2022-04,AE,0
2022-05,AE,0
2022-06,AE,0
2022-07,AE,0
2022-08,AE,0
2022-09,AE,0
2022-10,AE,0
2022-11,AE,0
2022-12,AE,0
2023-01,AE,0
2023-02,AE,0
2023-03,AE,0
2023-04,AE,0
2023-05,AE,0
2023-06,AE,0
2023-07,AE,0
2023-08,AE,0
2023-09,AE,0
2023-10,AE,0
2023-11,AE,0
2023-12,AE,0
2024-01,AE,0
2024-02,AE,0
2024-03,AE,0
2024-04,AE,0
2024-05,AE,0
2024-06,AE,0
2024-07,AE,0
2024-08,AE,0
2024-09,AE,0
2024-10,AE,0
2024-11,AE,0
2024-12,AE,0
2025-01,AE,0
2025-02,AE,0
2025-03,AE,0
2025-04,AE,0
2025-05,AE,0
2025-06,AE,0
2025-07,AE,0
2025-08,AE,0
2025-09,AE,0
2025-10,AE,0
2025-11,AE,0
2025-12,AE,0
2026-01,AE,0
2026-02,AE,0
2026-03,AE,0
2026-04,AE,0
2026-05,AE,0
2026-06,AE,0
2026-07,AE,0
2026-08,AE,0
2014-12,AM,0
2015-01,AM,0
2015-02,AM,0
2015-03,AM,0
2015-04,AM,0
2015-05,AM,0
2015-06,AM,0
2015-07,AM,0
2015-08,AM,0
2015-09,AM,0
2015-10,AM,0
2015-11,AM,0
2015-12,AM,0
2016-01,AM,0
2016-02,AM,0
2016-03,AM,11
2016-04,AM,0
2016-05,AM,0
2016-06,AM,0
2016-07,AM,0
2016-08,AM,0
2016-09,AM,0
2016-10,AM,0
2016-11,AM,0
2016-12,AM,0
2017-01,AM,0
2017-02,AM,0
2017-03,AM,0
2017-04,AM,0
2017-05,AM,0
2017-06,AM,0
2017-07,AM,0
2017-08,AM,0
2017-09,AM,0
2017-10,AM,0
2017-11,AM,0
2017-12,AM,0
2018-01,AM,0
2018-02,AM,0
2018-03,AM,0
2018-04,AM,0
2018-05,AM,0
2018-06,AM,0
2018-07,AM,0
2018-08,AM,0
2018-09,AM,0
2018-10,AM,0
2018-11,AM,0
2018-12,AM,0
2019-01,AM,0
2019-02,AM,0
2019-03,AM,13
2019-04,AM,0
2019-05,AM,12
2019-06,AM,0
2019-07,AM,0
2019-08,AM,0
2019-09,AM,0
2019-10,AM,0
2019-11,AM,0
2019-12,AM,0
2020-01,AM,0
2020-02,AM,0
2020-03,AM,0
2020-04,AM,0
2020-05,AM,0
2020-06,AM,0
2020-07,AM,0
2020-08,AM,0
2020-09,AM,0
2020-10,AM,0
2020-11,AM,0
2020-12,AM,0
2021-01,AM,0
2021-02,AM,0
2021-03,AM,0
2021-04,AM,0
2021-05,AM,0
2021-06,AM,0
2021-07,AM,0
2021-08,AM,0
2021-09,AM,0
2021-10,AM,0
2021-11,AM,0
2021-12,AM,0
2022-01,AM,0
2022-02,AM,0
2022-03,AM,0
2022-04,AM,0
2022-05,AM,0
2022-06,AM,0
2022-07,AM,0
2022-08,AM,0
2022-09,AM,0
2022-10,AM,0
2022-11,AM,0
2022-12,AM,0
2023-01,AM,0
2023-02,AM,0
2023-03,AM,0
2023-04,AM,0
2023-05,AM,0
2023-06,AM,0
2023-07,AM,0
2023-08,AM,0
2023-09,AM,0
2023-10,AM,0
2023-11,AM,0
2023-12,AM,0
2024-01,AM,0
2024-02,AM,0
2024-03,AM,0
2024-04,AM,0
2024-05,AM,0
2024-06,AM,0
2024-07,AM,0
2024-08,AM,0
2024-09,AM,0
2024-10,AM,0
2024-11,AM,0
2024-12,AM,0
2025-01,AM,0
2025-02,AM,0
2025-03,AM,0
2025-04,AM,0
2025-05,AM,0
2025-06,AM,0
2025-07,AM,0
2025-08,AM,0
2025-09,AM,0
2025-10,AM,0
2025-11,AM,0
2025-12,AM,0
2026-01,AM,0
2026-02,AM,0
2026-03,AM,0
2026-04,AM,0
2026-05,AM,0
2026-06,AM,0
2026-07,AM,0
2026-08,AM,0
2014-12,AR,0
2015-01,AR,0
2015-02,AR,0
2015-03,AR,21
2015-04,AR,183
2015-05,AR,54
2015-06,AR,59
2015-07,AR,26
2015-08,AR,131
2015-09,AR,21
2015-10,AR,46
2015-11,AR,14
2015-12,AR,46
2016-01,AR,43
2016-02,AR,56
2016-03,AR,122
2016-04,AR,111
2016-05,AR,64
2016-06,AR,184
2016-07,AR,241
2016-08,AR,165
2016-09,AR,46
2016-10,AR,159
2016-11,AR,25
2016-12,AR,57
2017-01,AR,22
2017-02,AR,133
2017-03,AR,179
2017-04,AR,397
2017-05,AR,351
2017-06,AR,189
2017-07,AR,139
2017-08,AR,30
2017-09,AR,10
2017-10,AR,10
2017-11,AR,0
2017-12,AR,48
2018-01,AR,13
2018-02,AR,23
2018-03,AR,127
2018-04,AR,0
2018-05,AR,51
2018-06,AR,12
2018-07,AR,10
2018-08,AR,10
2018-09,AR,23
2018-10,AR,0
2018-11,AR,0
2018-12,AR,0
2019-01,AR,11
2019-02,AR,11
2019-03,AR,0
2019-04,AR,13
2019-05,AR,0
2019-06,AR,0
2019-07,AR,0
2019-08,AR,0
2019-09,AR,12
2019-10,AR,0
2019-11,AR,37
2019-12,AR,0
2020-01,AR,13
2020-02,AR,0
2020-03,AR,0
2020-04,AR,0
2020-05,AR,0
2020-06,AR,0
2020-07,AR,0
2020-08,AR,13
2020-09,AR,0
2020-10,AR,0
2020-11,AR,0
2020-12,AR,0
2021-01,AR,0
2021-02,AR,0
2021-03,AR,0
2021-04,AR,0
2021-05,AR,0
2021-06,AR,0
2021-07,AR,14
2021-08,AR,0
2021-09,AR,18
2021-10,AR,0
2021-11,AR,0
2021-12,AR,11
2022-01,AR,0
2022-02,AR,0
2022-03,AR,0
2022-04,AR,0
2022-05,AR,0
2022-06,AR,0
2022-07,AR,0
2022-08,AR,0
2022-09,AR,0
2022-10,AR,0
2022-11,AR,0
2022-12,AR,0
2023-01,AR,0
2023-02,AR,0
2023-03,AR,27
2023-04,AR,0
2023-05,AR,0
2023-06,AR,0
2023-07,AR,0
2023-08,AR,0
2023-09,AR,0
2023-10,AR,0
2023-11,AR,0
2023-12,AR,0
2024-01,AR,0
2024-02,AR,0
2024-03,AR,0
2024-04,AR,0
2024-05,AR,0
2024-06,AR,0
2024-07,AR,0
2024-08,AR,0
2024-09,AR,0
2024-10,AR,0
2024-11,AR,0
2024-12,AR,0
2025-01,AR,13
2025-02,AR,0
2025-03,AR,0
2025-04,AR,0
2025-05,AR,0
2025-06,AR,0
2025-07,AR,0
2025-08,AR,22
2025-09,AR,0
2025-10,AR,0
2025-11,AR,0
2025-12,AR,0
2026-01,AR,0
2026-02,AR,0
2026-03,AR,0
2026-04,AR,0
2026-05,AR,0
2026-06,AR,0
2026-07,AR,0
2026-08,AR,23
2014-12,AT,0
2015-01,AT,0
2015-02,AT,0
2015-03,AT,0
2015-04,AT,14
2015-05,AT,0
2015-06,AT,26
2015-07,AT,12
2015-08,AT,0
2015-09,AT,10
2015-10,AT,0
2015-11,AT,0
2015-12,AT,0
2016-01,AT,0
2016-02,AT,0
2016-03,AT,0
2016-04,AT,0
2016-05,AT,0
2016-06,AT,0
2016-07,AT,0
2016-08,AT,0
2016-09,AT,39
2016-10,AT,0
2016-11,AT,11
2016-12,AT,0
2017-01,AT,0
2017-02,AT,0
2017-03,AT,0
2017-04,AT,0
2017-05,AT,0
2017-06,AT,0
2017-07,AT,0
2017-08,AT,0
2017-09,AT,0
2017-10,AT,0
2017-11,AT,0
2017-12,AT,0
2018-01,AT,0
2018-02,AT,15
2018-03,AT,0
2018-04,AT,0
2018-05,AT,0
2018-06,AT,0
2018-07,AT,0
2018-08,AT,0
2018-09,AT,0
2018-10,AT,0
2018-11,AT,0
2018-12,AT,0
2019-01,AT,0
2019-02,AT,0
2019-03,AT,0
2019-04,AT,0
2019-05,AT,0
2019-06,AT,0
2019-07,AT,0
2019-08,AT,0
2019-09,AT,0
2019-10,AT,0
2019-11,AT,0
2019-12,AT,0
2020-01,AT,0
2020-02,AT,0
2020-03,AT,0
2020-04,AT,0
2020-05,AT,0
2020-06,AT,0
2020-07,AT,0
2020-08,AT,0
2020-09,AT,0
2020-10,AT,0
2020-11,AT,0
2020-12,AT,0
2021-01,AT,0
2021-02,AT,0
2021-03,AT,0
2021-04,AT,0
2021-05,AT,0
2021-06,AT,0
2021-07,AT,0
2021-08,AT,0
2021-09,AT,0
2021-10,AT,0
2021-11,AT,0
2021-12,AT,0
2022-01,AT,0
2022-02,AT,0
2022-03,AT,0
2022-04,AT,0
2022-05,AT,0
2022-06,AT,0
2022-07,AT,0
2022-08,AT,0
2022-09,AT,0
2022-10,AT,0
2022-11,AT,0
2022-12,AT,0
2023-01,AT,0
2023-02,AT,0
2023-03,AT,0
2023-04,AT,0
2023-05,AT,0
2023-06,AT,0
2023-07,AT,0
2023-08,AT,0
2023-09,AT,0
2023-10,AT,0
2023-11,AT,0
2023-12,AT,0
2024-01,AT,0
2024-02,AT,0
2024-03,AT,0
2024-04,AT,0
2024-05,AT,0
2024-06,AT,0
2024-07,AT,0
2024-08,AT,0
2024-09,AT,0
2024-10,AT,0
2024-11,AT,0
2024-12,AT,0
2025-01,AT,0
2025-02,AT,0
2025-03,AT,0
2025-04,AT,0
2025-05,AT,0
2025-06,AT,0
2025-07,AT,0
2025-08,AT,0
2025-09,AT,0
2025-10,AT,0
2025-11,AT,0
2025-12,AT,0
2026-01,AT,0
2026-02,AT,0
2026-03,AT,0
2026-04,AT,0
2026-05,AT,0
2026-06,AT,0
2026-07,AT,0
2026-08,AT,0
2014-12,AU,0
2015-01,AU,0
2015-02,AU,0
2015-03,AU,21
2015-04,AU,90
2015-05,AU,48
2015-06,AU,117
2015-07,AU,100
2015-08,AU,28
2015-09,AU,63
2015-10,AU,14
2015-11,AU,34
2015-12,AU,0
2016-01,AU,109
2016-02,AU,172
2016-03,AU,72
2016-04,AU,63
2016-05,AU,34
2016-06,AU,95
2016-07,AU,157
2016-08,AU,132
2016-09,AU,119
2016-10,AU,79
2016-11,AU,102
2016-12,AU,36
2017-01,AU,25
2017-02,AU,24
2017-03,AU,0
2017-04,AU,49
2017-05,AU,10
2017-06,AU,12
2017-07,AU,43
2017-08,AU,24
2017-09,AU,37
2017-10,AU,39
2017-11,AU,51
2017-12,AU,0
2018-01,AU,11
2018-02,AU,51
2018-03,AU,15
2018-04,AU,20
2018-05,AU,0
2018-06,AU,14
2018-07,AU,10
2018-08,AU,0
2018-09,AU,0
2018-10,AU,12
2018-11,AU,23
2018-12,AU,24
2019-01,AU,89
2019-02,AU,23
2019-03,AU,0
2019-04,AU,0
2019-05,AU,0
2019-06,AU,0
2019-07,AU,0
2019-08,AU,0
2019-09,AU,0
2019-10,AU,0
2019-11,AU,0
2019-12,AU,0
2020-01,AU,0
2020-02,AU,0
2020-03,AU,0
2020-04,AU,0
2020-05,AU,0
2020-06,AU,0
2020-07,AU,0
2020-08,AU,0
2020-09,AU,0
2020-10,AU,0
2020-11,AU,0
2020-12,AU,0
2021-01,AU,0
2021-02,AU,0
2021-03,AU,0
2021-04,AU,0
2021-05,AU,0
2021-06,AU,0
2021-07,AU,0
2021-08,AU,0
2021-09,AU,0
2021-10,AU,0
2021-11,AU,0
2021-12,AU,0
2022-01,AU,0
2022-02,AU,0
2022-03,AU,12
2022-04,AU,0
2022-05,AU,0
2022-06,AU,0
2022-07,AU,0
2022-08,AU,0
2022-09,AU,0
2022-10,AU,0
2022-11,AU,15
2022-12,AU,0
2023-01,AU,0
2023-02,AU,0
2023-03,AU,0
2023-04,AU,0
2023-05,AU,0
2023-06,AU,0
2023-07,AU,0
2023-08,AU,0
2023-09,AU,0
2023-10,AU,0
2023-11,AU,0
2023-12,AU,0
2024-01,AU,0
2024-02,AU,0
2024-03,AU,0
2024-04,AU,0
2024-05,AU,0
2024-06,AU,0
2024-07,AU,0
2024-08,AU,0
2024-09,AU,0
2024-10,AU,0
2024-11,AU,0
2024-12,AU,0
2025-01,AU,0
2025-02,AU,0
2025-03,AU,0
2025-04,AU,0
2025-05,AU,0
2025-06,AU,0
2025-07,AU,0
2025-08,AU,0
2025-09,AU,0
2025-10,AU,0
2025-11,AU,0
2025-12,AU,0
2026-01,AU,0
2026-02,AU,0
2026-03,AU,0
2026-04,AU,0
2026-05,AU,0
2026-06,AU,0
2026-07,AU,0
2026-08,AU,0
2014-12,AW,0
2015-01,AW,0
2015-02,AW,0
2015-03,AW,0
2015-04,AW,0
2015-05,AW,0
2015-06,AW,0
2015-07,AW,0
2015-08,AW,0
2015-09,AW,0
2015-10,AW,0
2015-11,AW,0
2015-12,AW,0
2016-01,AW,0
2016-02,AW,0
2016-03,AW,0
2016-04,AW,0
2016-05,AW,34
2016-06,AW,0
2016-07,AW,0
2016-08,AW,0
2016-09,AW,0
2016-10,AW,0
2016-11,AW,0
2016-12,AW,0
2017-01,AW,0
2017-02,AW,0
2017-03,AW,0
2017-04,AW,0
2017-05,AW,0
2017-06,AW,0
2017-07,AW,0
2017-08,AW,0
2017-09,AW,0
2017-10,AW,0
2017-11,AW,0
2017-12,AW,0
2018-01,AW,0
2018-02,AW,0
2018-03,AW,0
2018-04,AW,0
2018-05,AW,0
2018-06,AW,0
2018-07,AW,0
2018-08,AW,0
2018-09,AW,0
2018-10,AW,0
2018-11,AW,0
2018-12,AW,0
2019-01,AW,0
2019-02,AW,0
2019-03,AW,0
2019-04,AW,0
2019-05,AW,0
2019-06,AW,0
2019-07,AW,0
2019-08,AW,0
2019-09,AW,0
2019-10,AW,0
2019-11,AW,0
2019-12,AW,0
2020-01,AW,0
2020-02,AW,0
2020-03,AW,0
2020-04,AW,0
2020-05,AW,0
2020-06,AW,0
2020-07,AW,0
2020-08,AW,0
2020-09,AW,0
2020-10,AW,0
2020-11,AW,0
2020-12,AW,0
2021-01,AW,0
2021-02,AW,0
2021-03,AW,0
2021-04,AW,0
2021-05,AW,0
2021-06,AW,0
2021-07,AW,0
2021-08,AW,0
2021-09,AW,0
2021-10,AW,0
2021-11,AW,0
2021-12,AW,0
2022-01,AW,0
2022-02,AW,0
2022-03,AW,0
2022-04,AW,0
2022-05,AW,0
2022-06,AW,0
2022-07,AW,0
2022-08,AW,0
2022-09,AW,0
2022-10,AW,0
2022-11,AW,0
2022-12,AW,0
2023-01,AW,0
2023-02,AW,0
2023-03,AW,0
2023-04,AW,0
2023-05,AW,0
2023-06,AW,0
2023-07,AW,0
2023-08,AW,0
2023-09,AW,0
2023-10,AW,0
2023-11,AW,0
2023-12,AW,0
2024-01,AW,0
2024-02,AW,0
2024-03,AW,0
2024-04,AW,0
2024-05,AW,0
2024-06,AW,0
2024-07,AW,0
2024-08,AW,0
2024-09,AW,0
2024-10,AW,0
2024-11,AW,0
2024-12,AW,0
2025-01,AW,0
2025-02,AW,0
2025-03,AW,0
2025-04,AW,0
2025-05,AW,0
2025-06,AW,0
2025-07,AW,0
2025-08,AW,0
2025-09,AW,0
2025-10,AW,0
2025-11,AW,0
2025-12,AW,0
2026-01,AW,0
2026-02,AW,0
2026-03,AW,0
2026-04,AW,0
2026-05,AW,0
2026-06,AW,0
2026-07,AW,0
2026-08,AW,0
2014-12,AZ,0
2015-01,AZ,0
2015-02,AZ,0
2015-03,AZ,0
2015-04,AZ,0
2015-05,AZ,0
2015-06,AZ,0
2015-07,AZ,38
2015-08,AZ,0
2015-09,AZ,0
2015-10,AZ,12
2015-11,AZ,0
2015-12,AZ,0
2016-01,AZ,0
2016-02,AZ,0
2016-03,AZ,0
2016-04,AZ,0
2016-05,AZ,0
2016-06,AZ,0
2016-07,AZ,0
2016-08,AZ,0
2016-09,AZ,0
2016-10,AZ,0
2016-11,AZ,0
2016-12,AZ,12
2017-01,AZ,0
2017-02,AZ,0
2017-03,AZ,0
2017-04,AZ,0
2017-05,AZ,0
2017-06,AZ,0
2017-07,AZ,0
2017-08,AZ,0
2017-09,AZ,0
2017-10,AZ,0
2017-11,AZ,0
2017-12,AZ,0
2018-01,AZ,0
2018-02,AZ,0
2018-03,AZ,0
2018-04,AZ,0
2018-05,AZ,0
2018-06,AZ,0
2018-07,AZ,0
2018-08,AZ,0
2018-09,AZ,0
2018-10,AZ,0
2018-11,AZ,0
2018-12,AZ,0
2019-01,AZ,0
2019-02,AZ,0
2019-03,AZ,0
2019-04,AZ,0
2019-05,AZ,0
2019-06,AZ,0
2019-07,AZ,0
2019-08,AZ,0
2019-09,AZ,0
2019-10,AZ,0
2019-11,AZ,0
2019-12,AZ,0
2020-01,AZ,0
2020-02,AZ,0
2020-03,AZ,0
2020-04,AZ,0
2020-05,AZ,0
2020-06,AZ,0
2020-07,AZ,0
2020-08,AZ,0
2020-09,AZ,0
2020-10,AZ,0
2020-11,AZ,0
2020-12,AZ,0
2021-01,AZ,0
2021-02,AZ,0
2021-03,AZ,0
2021-04,AZ,0
2021-05,AZ,0
2021-06,AZ,0
2021-07,AZ,0
2021-08,AZ,0
2021-09,AZ,0
2021-10,AZ,0
2021-11,AZ,0
2021-12,AZ,0
2022-01,AZ,0
2022-02,AZ,0
2022-03,AZ,0
2022-04,AZ,0
2022-05,AZ,0
2022-06,AZ,0
2022-07,AZ,0
2022-08,AZ,0
2022-09,AZ,0
2022-10,AZ,0
2022-11,AZ,0
2022-12,AZ,0
2023-01,AZ,0
2023-02,AZ,0
2023-03,AZ,0
2023-04,AZ,0
2023-05,AZ,0
2023-06,AZ,0
2023-07,AZ,0
2023-08,AZ,0
2023-09,AZ,0
2023-10,AZ,0
2023-11,AZ,0
2023-12,AZ,0
2024-01,AZ,0
2024-02,AZ,0
2024-03,AZ,0
2024-04,AZ,0
2024-05,AZ,0
2024-06,AZ,0
2024-07,AZ,0
2024-08,AZ,0
2024-09,AZ,0
2024-10,AZ,0
2024-11,AZ,0
2024-12,AZ,0
2025-01,AZ,0
2025-02,AZ,0
2025-03,AZ,0
2025-04,AZ,0
2025-05,AZ,0
2025-06,AZ,0
2025-07,AZ,0
2025-08,AZ,0
2025-09,AZ,0
2025-10,AZ,0
2025-11,AZ,0
2025-12,AZ,0
2026-01,AZ,0
2026-02,AZ,0
2026-03,AZ,0
2026-04,AZ,0
2026-05,AZ,0
2026-06,AZ,0
2026-07,AZ,0
2026-08,AZ,0
2014-12,BE,0
2015-01,BE,0
2015-02,BE,0
2015-03,BE,0
2015-04,BE,0
2015-05,BE,0
2015-06,BE,0
2015-07,BE,0
2015-08,BE,0
2015-09,BE,0
2015-10,BE,0
2015-11,BE,0
2015-12,BE,0
2016-01,BE,0
2016-02,BE,33
2016-03,BE,80
2016-04,BE,23
2016-05,BE,39
2016-06,BE,0
2016-07,BE,11
2016-08,BE,12
2016-09,BE,0
2016-10,BE,0
2016-11,BE,11
2016-12,BE,0
2017-01,BE,0
2017-02,BE,11
2017-03,BE,0
2017-04,BE,0
2017-05,BE,0
2017-06,BE,15
2017-07,BE,0
2017-08,BE,0
2017-09,BE,0
2017-10,BE,75
2017-11,BE,0
2017-12,BE,0
2018-01,BE,23
2018-02,BE,0
2018-03,BE,0
2018-04,BE,0
2018-05,BE,0
2018-06,BE,0
2018-07,BE,0
2018-08,BE,0
2018-09,BE,75
2018-10,BE,11
2018-11,BE,23
2018-12,BE,0
2019-01,BE,0
2019-02,BE,0
2019-03,BE,0
2019-04,BE,0
2019-05,BE,0
2019-06,BE,0
2019-07,BE,0
2019-08,BE,0
2019-09,BE,0
2019-10,BE,0
2019-11,BE,0
2019-12,BE,0
2020-01,BE,0
2020-02,BE,0
2020-03,BE,0
2020-04,BE,0
2020-05,BE,0
2020-06,BE,0
2020-07,BE,10
2020-08,BE,0
2020-09,BE,0
2020-10,BE,10
2020-11,BE,0
2020-12,BE,0
2021-01,BE,11
2021-02,BE,0
2021-03,BE,0
2021-04,BE,0
2021-05,BE,0
2021-06,BE,0
2021-07,BE,0
2021-08,BE,0
2021-09,BE,0
2021-10,BE,0
2021-11,BE,0
2021-12,BE,0
2022-01,BE,0
2022-02,BE,0
2022-03,BE,0
2022-04,BE,0
2022-05,BE,0
2022-06,BE,0
2022-07,BE,0
2022-08,BE,0
2022-09,BE,0
2022-10,BE,0
2022-11,BE,0
2022-12,BE,0
2023-01,BE,0
2023-02,BE,0
2023-03,BE,0
2023-04,BE,0
2023-05,BE,0
2023-06,BE,0
2023-07,BE,0
2023-08,BE,0
2023-09,BE,0
2023-10,BE,0
2023-11,BE,0
2023-12,BE,0
2024-01,BE,0
2024-02,BE,0
2024-03,BE,0
2024-04,BE,0
2024-05,BE,0
2024-06,BE,0
2024-07,BE,0
2024-08,BE,0
2024-09,BE,0
2024-10,BE,0
2024-11,BE,0
2024-12,BE,0
2025-01,BE,0
2025-02,BE,0
2025-03,BE,0
2025-04,BE,0
2025-05,BE,0
2025-06,BE,0
2025-07,BE,0
2025-08,BE,0
2025-09,BE,0
2025-10,BE,0
2025-11,BE,0
2025-12,BE,0
2026-01,BE,0
2026-02,BE,0
2026-03,BE,0
2026-04,BE,0
2026-05,BE,0
2026-06,BE,0
2026-07,BE,0
2026-08,BE,0
2014-12,BG,0
2015-01,BG,0
2015-02,BG,0
2015-03,BG,0
2015-04,BG,13
2015-05,BG,0
2015-06,BG,0
2015-07,BG,0
2015-08,BG,0
2015-09,BG,0
2015-10,BG,0
2015-11,BG,0
2015-12,BG,0
2016-01,BG,0
2016-02,BG,0
2016-03,BG,0
2016-04,BG,10
2016-05,BG,0
2016-06,BG,0
2016-07,BG,0
2016-08,BG,0
2016-09,BG,0
2016-10,BG,0
2016-11,BG,0
2016-12,BG,0
2017-01,BG,0
2017-02,BG,0
2017-03,BG,0
2017-04,BG,0
2017-05,BG,0
2017-06,BG,0
2017-07,BG,0
2017-08,BG,0
2017-09,BG,0
2017-10,BG,0
2017-11,BG,0
2017-12,BG,0
2018-01,BG,0
2018-02,BG,0
2018-03,BG,0
2018-04,BG,0
2018-05,BG,0
2018-06,BG,0
2018-07,BG,0
2018-08,BG,0
2018-09,BG,0
2018-10,BG,0
2018-11,BG,0
2018-12,BG,0
2019-01,BG,0
2019-02,BG,0
2019-03,BG,0
2019-04,BG,0
2019-05,BG,0
2019-06,BG,0
2019-07,BG,0
2019-08,BG,0
2019-09,BG,0
2019-10,BG,0
2019-11,BG,0
2019-12,BG,0
2020-01,BG,0
2020-02,BG,0
2020-03,BG,0
2020-04,BG,0
2020-05,BG,0
2020-06,BG,0
2020-07,BG,0
2020-08,BG,0
2020-09,BG,0
2020-10,BG,0
2020-11,BG,0
2020-12,BG,0
2021-01,BG,0
2021-02,BG,0
2021-03,BG,0
2021-04,BG,0
2021-05,BG,0
2021-06,BG,0
2021-07,BG,0
2021-08,BG,0
2021-09,BG,0
2021-10,BG,0
2021-11,BG,0
2021-12,BG,0
2022-01,BG,0
2022-02,BG,0
2022-03,BG,0
2022-04,BG,0
2022-05,BG,0
2022-06,BG,0
2022-07,BG,0
2022-08,BG,0
2022-09,BG,0
2022-10,BG,0
2022-11,BG,0
2022-12,BG,0
2023-01,BG,0
2023-02,BG,0
2023-03,BG,0
2023-04,BG,0
2023-05,BG,0
2023-06,BG,0
2023-07,BG,0
2023-08,BG,0
2023-09,BG,0
2023-10,BG,0
2023-11,BG,0
2023-12,BG,0
2024-01,BG,0
2024-02,BG,0
2024-03,BG,0
2024-04,BG,0
2024-05,BG,0
2024-06,BG,0
2024-07,BG,0
2024-08,BG,0
2024-09,BG,0
2024-10,BG,0
2024-11,BG,0
2024-12,BG,0
2025-01,BG,0
2025-02,BG,0
2025-03,BG,0
2025-04,BG,0
2025-05,BG,0
2025-06,BG,0
2025-07,BG,0
2025-08,BG,0
2025-09,BG,0
2025-10,BG,0
2025-11,BG,0
2025-12,BG,0
2026-01,BG,0
2026-02,BG,0
2026-03,BG,0
2026-04,BG,0
2026-05,BG,0
2026-06,BG,0
2026-07,BG,0
2026-08,BG,0
2014-12,BH,0
2015-01,BH,0
2015-02,BH,0
2015-03,BH,0
2015-04,BH,0
2015-05,BH,0
2015-06,BH,0
2015-07,BH,0
2015-08,BH,0
2015-09,BH,10
2015-10,BH,0
2015-11,BH,0
2015-12,BH,0
2016-01,BH,0
2016-02,BH,0
2016-03,BH,0
2016-04,BH,0
2016-05,BH,0
2016-06,BH,0
2016-07,BH,0
2016-08,BH,0
2016-09,BH,0
2016-10,BH,0
2016-11,BH,0
2016-12,BH,0
2017-01,BH,0
2017-02,BH,0
2017-03,BH,0
2017-04,BH,0
2017-05,BH,0
2017-06,BH,0
2017-07,BH,0
2017-08,BH,0
2017-09,BH,0
2017-10,BH,0
2017-11,BH,0
2017-12,BH,0
2018-01,BH,0
2018-02,BH,0
2018-03,BH,0
2018-04,BH,0
2018-05,BH,0
2018-06,BH,0
2018-07,BH,0
2018-08,BH,0
2018-09,BH,0
2018-10,BH,0
2018-11,BH,0
2018-12,BH,0
2019-01,BH,0
2019-02,BH,0
2019-03,BH,0
2019-04,BH,0
2019-05,BH,0
2019-06,BH,0
2019-07,BH,0
2019-08,BH,0
2019-09,BH,0
2019-10,BH,0
2019-11,BH,0
2019-12,BH,0
2020-01,BH,0
2020-02,BH,0
2020-03,BH,0
2020-04,BH,0
2020-05,BH,0
2020-06,BH,0
2020-07,BH,0
2020-08,BH,0
2020-09,BH,0
2020-10,BH,0
2020-11,BH,0
2020-12,BH,0
2021-01,BH,0
2021-02,BH,0
2021-03,BH,0
2021-04,BH,0
2021-05,BH,0
2021-06,BH,0
2021-07,BH,0
2021-08,BH,0
2021-09,BH,0
2021-10,BH,0
2021-11,BH,0
2021-12,BH,0
2022-01,BH,0
2022-02,BH,0
2022-03,BH,0
2022-04,BH,0
2022-05,BH,0
2022-06,BH,0
2022-07,BH,0
2022-08,BH,0
2022-09,BH,0
2022-10,BH,0
2022-11,BH,0
2022-12,BH,0
2023-01,BH,0
2023-02,BH,0
2023-03,BH,0
2023-04,BH,0
2023-05,BH,0
2023-06,BH,0
2023-07,BH,0
2023-08,BH,0
2023-09,BH,0
2023-10,BH,0
2023-11,BH,0
2023-12,BH,0
2024-01,BH,0
2024-02,BH,0
2024-03,BH,0
2024-04,BH,0
2024-05,BH,0
2024-06,BH,0
2024-07,BH,0
2024-08,BH,0
2024-09,BH,0
2024-10,BH,0
2024-11,BH,0
2024-12,BH,0
2025-01,BH,0
2025-02,BH,0
2025-03,BH,0
2025-04,BH,0
2025-05,BH,0
2025-06,BH,0
2025-07,BH,0
2025-08,BH,0
2025-09,BH,0
2025-10,BH,0
2025-11,BH,0
2025-12,BH,0
2026-01,BH,0
2026-02,BH,0
2026-03,BH,0
2026-04,BH,0
2026-05,BH,0
2026-06,BH,0
2026-07,BH,0
2026-08,BH,0
2014-12,BN,0
2015-01,BN,0
2015-02,BN,0
2015-03,BN,0
2015-04,BN,0
2015-05,BN,0
2015-06,BN,0
2015-07,BN,0
2015-08,BN,0
2015-09,BN,0
2015-10,BN,0
2015-11,BN,0
2015-12,BN,0
2016-01,BN,0
2016-02,BN,0
2016-03,BN,0
2016-04,BN,35
2016-05,BN,0
2016-06,BN,0
2016-07,BN,0
2016-08,BN,0
2016-09,BN,38
2016-10,BN,0
2016-11,BN,10
2016-12,BN,0
2017-01,BN,0
2017-02,BN,0
2017-03,BN,0
2017-04,BN,0
2017-05,BN,0
2017-06,BN,0
2017-07,BN,0
2017-08,BN,0
2017-09,BN,0
2017-10,BN,0
2017-11,BN,0
2017-12,BN,0
2018-01,BN,0
2018-02,BN,0
2018-03,BN,0
2018-04,BN,0
2018-05,BN,0
2018-06,BN,0
2018-07,BN,0
2018-08,BN,0
2018-09,BN,0
2018-10,BN,0
2018-11,BN,0
2018-12,BN,0
2019-01,BN,0
2019-02,BN,0
2019-03,BN,0
2019-04,BN,0
2019-05,BN,0
2019-06,BN,0
2019-07,BN,0
2019-08,BN,0
2019-09,BN,0
2019-10,BN,0
2019-11,BN,0
2019-12,BN,0
2020-01,BN,0
2020-02,BN,0
2020-03,BN,0
2020-04,BN,0
2020-05,BN,0
2020-06,BN,0
2020-07,BN,0
2020-08,BN,0
2020-09,BN,0
2020-10,BN,0
2020-11,BN,0
2020-12,BN,0
2021-01,BN,0
2021-02,BN,0
2021-03,BN,0
2021-04,BN,0
2021-05,BN,0
2021-06,BN,0
2021-07,BN,0
2021-08,BN,0
2021-09,BN,0
2021-10,BN,0
2021-11,BN,0
2021-12,BN,0
2022-01,BN,0
2022-02,BN,0
2022-03,BN,0
2022-04,BN,0
2022-05,BN,0
2022-06,BN,0
2022-07,BN,0
2022-08,BN,0
2022-09,BN,0
2022-10,BN,0
2022-11,BN,0
2022-12,BN,0
2023-01,BN,0
2023-02,BN,0
2023-03,BN,0
2023-04,BN,0
2023-05,BN,0
2023-06,BN,0
2023-07,BN,0
2023-08,BN,0
2023-09,BN,0
2023-10,BN,0
2023-11,BN,0
2023-12,BN,0
2024-01,BN,0
2024-02,BN,0
2024-03,BN,0
2024-04,BN,0
2024-05,BN,0
2024-06,BN,0
2024-07,BN,0
2024-08,BN,0
2024-09,BN,0
2024-10,BN,0
2024-11,BN,0
2024-12,BN,0
2025-01,BN,0
2025-02,BN,0
2025-03,BN,0
2025-04,BN,0
2025-05,BN,0
2025-06,BN,0
2025-07,BN,0
2025-08,BN,0
2025-09,BN,0
2025-10,BN,0
2025-11,BN,0
2025-12,BN,0
2026-01,BN,0
2026-02,BN,0
2026-03,BN,0
2026-04,BN,0
2026-05,BN,0
2026-06,BN,0
2026-07,BN,0
2026-08,BN,0
2014-12,BO,0
2015-01,BO,0
2015-02,BO,0
2015-03,BO,0
2015-04,BO,0
2015-05,BO,0
2015-06,BO,0
2015-07,BO,0
2015-08,BO,0
2015-09,BO,0
2015-10,BO,0
2015-11,BO,0
2015-12,BO,0
2016-01,BO,0
2016-02,BO,0
2016-03,BO,0
2016-04,BO,0
2016-05,BO,0
2016-06,BO,0
2016-07,BO,0
2016-08,BO,0
2016-09,BO,0
2016-10,BO,0
2016-11,BO,0
2016-12,BO,0
2017-01,BO,0
2017-02,BO,0
2017-03,BO,0
2017-04,BO,0
2017-05,BO,0
2017-06,BO,0
2017-07,BO,0
2017-08,BO,0
2017-09,BO,0
2017-10,BO,0
2017-11,BO,0
2017-12,BO,0
2018-01,BO,0
2018-02,BO,0
2018-03,BO,0
2018-04,BO,0
2018-05,BO,0
2018-06,BO,0
2018-07,BO,0
2018-08,BO,0
2018-09,BO,0
2018-10,BO,0
2018-11,BO,0
2018-12,BO,0
2019-01,BO,0
2019-02,BO,0
2019-03,BO,0
2019-04,BO,0
2019-05,BO,0
2019-06,BO,0
2019-07,BO,0
2019-08,BO,0
2019-09,BO,0
2019-10,BO,0
2019-11,BO,0
2019-12,BO,0
2020-01,BO,0
2020-02,BO,0
2020-03,BO,0
2020-04,BO,0
2020-05,BO,0
2020-06,BO,0
2020-07,BO,0
2020-08,BO,0
2020-09,BO,0
2020-10,BO,0
2020-11,BO,0
2020-12,BO,0
2021-01,BO,0
2021-02,BO,0
2021-03,BO,0
2021-04,BO,0
2021-05,BO,0
2021-06,BO,0
2021-07,BO,0
2021-08,BO,0
2021-09,BO,0
2021-10,BO,26
2021-11,BO,0
2021-12,BO,0
2022-01,BO,0
2022-02,BO,0
2022-03,BO,0
2022-04,BO,0
2022-05,BO,0
2022-06,BO,0
2022-07,BO,0
2022-08,BO,0
2022-09,BO,0
2022-10,BO,0
2022-11,BO,0
2022-12,BO,0
2023-01,BO,0
2023-02,BO,0
2023-03,BO,0
2023-04,BO,0
2023-05,BO,0
2023-06,BO,0
2023-07,BO,0
2023-08,BO,0
2023-09,BO,0
2023-10,BO,0
2023-11,BO,0
2023-12,BO,0
2024-01,BO,0
2024-02,BO,0
2024-03,BO,0
2024-04,BO,0
2024-05,BO,0
2024-06,BO,0
2024-07,BO,0
2024-08,BO,0
2024-09,BO,0
2024-10,BO,0
2024-11,BO,0
2024-12,BO,0
2025-01,BO,0
2025-02,BO,0
2025-03,BO,0
2025-04,BO,0
2025-05,BO,0
2025-06,BO,0
2025-07,BO,0
2025-08,BO,0
2025-09,BO,0
2025-10,BO,0
2025-11,BO,0
2025-12,BO,0
2026-01,BO,0
2026-02,BO,0
2026-03,BO,0
2026-04,BO,0
2026-05,BO,0
2026-06,BO,0
2026-07,BO,0
2026-08,BO,0
2014-12,BR,0
2015-01,BR,0
2015-02,BR,0
2015-03,BR,106
2015-04,BR,270
2015-05,BR,232
2015-06,BR,466
2015-07,BR,273
2015-08,BR,150
2015-09,BR,157
2015-10,BR,312
2015-11,BR,178
2015-12,BR,266
2016-01,BR,417
2016-02,BR,596
2016-03,BR,607
2016-04,BR,423
2016-05,BR,535
2016-06,BR,371
2016-07,BR,642
2016-08,BR,729
2016-09,BR,659
2016-10,BR,815
2016-11,BR,673
2016-12,BR,669
2017-01,BR,700
2017-02,BR,459
2017-03,BR,482
2017-04,BR,831
2017-05,BR,1039
2017-06,BR,821
2017-07,BR,741
2017-08,BR,578
2017-09,BR,340
2017-10,BR,447
2017-11,BR,490
2017-12,BR,420
2018-01,BR,494
2018-02,BR,374
2018-03,BR,340
2018-04,BR,371
2018-05,BR,153
2018-06,BR,361
2018-07,BR,230
2018-08,BR,143
2018-09,BR,75
2018-10,BR,93
2018-11,BR,32
2018-12,BR,36
2019-01,BR,91
2019-02,BR,57
2019-03,BR,16
2019-04,BR,49
2019-05,BR,21
2019-06,BR,22
2019-07,BR,32
2019-08,BR,0
2019-09,BR,0
2019-10,BR,27
2019-11,BR,36
2019-12,BR,58
2020-01,BR,20
2020-02,BR,0
2020-03,BR,44
2020-04,BR,48
2020-05,BR,10
2020-06,BR,71
2020-07,BR,32
2020-08,BR,45
2020-09,BR,11
2020-10,BR,0
2020-11,BR,0
2020-12,BR,10
2021-01,BR,0
2021-02,BR,21
2021-03,BR,0
2021-04,BR,0
2021-05,BR,0
2021-06,BR,12
2021-07,BR,75
2021-08,BR,0
2021-09,BR,0
2021-10,BR,0
2021-11,BR,0
2021-12,BR,36
2022-01,BR,0
2022-02,BR,0
2022-03,BR,0
2022-04,BR,0
2022-05,BR,37
2022-06,BR,0
2022-07,BR,0
2022-08,BR,0
2022-09,BR,0
2022-10,BR,0
2022-11,BR,0
2022-12,BR,0
2023-01,BR,30
2023-02,BR,0
2023-03,BR,0
2023-04,BR,0
2023-05,BR,0
2023-06,BR,10
2023-07,BR,0
2023-08,BR,0
2023-09,BR,0
2023-10,BR,0
2023-11,BR,0
2023-12,BR,0
2024-01,BR,0
2024-02,BR,0
2024-03,BR,0
2024-04,BR,0
2024-05,BR,0
2024-06,BR,0
2024-07,BR,0
2024-08,BR,0
2024-09,BR,0
2024-10,BR,0
2024-11,BR,0
2024-12,BR,0
2025-01,BR,0
2025-02,BR,0
2025-03,BR,0
2025-04,BR,0
2025-05,BR,0
2025-06,BR,0
2025-07,BR,0
2025-08,BR,0
2025-09,BR,0
2025-10,BR,0
2025-11,BR,0
2025-12,BR,0
2026-01,BR,0
2026-02,BR,0
2026-03,BR,0
2026-04,BR,0
2026-05,BR,0
2026-06,BR,0
2026-07,BR,0
2026-08,BR,0
2014-12,BY,0
2015-01,BY,0
2015-02,BY,0
2015-03,BY,0
2015-04,BY,0
2015-05,BY,0
2015-06,BY,0
2015-07,BY,0
2015-08,BY,0
2015-09,BY,0
2015-10,BY,0
2015-11,BY,0
2015-12,BY,0
2016-01,BY,0
2016-02,BY,0
2016-03,BY,0
2016-04,BY,0
2016-05,BY,0
2016-06,BY,0
2016-07,BY,0
2016-08,BY,0
2016-09,BY,0
2016-10,BY,0
2016-11,BY,0
2016-12,BY,0
2017-01,BY,0
2017-02,BY,15
2017-03,BY,10
2017-04,BY,0
2017-05,BY,10
2017-06,BY,0
2017-07,BY,0
2017-08,BY,12
2017-09,BY,0
2017-10,BY,0
2017-11,BY,0
2017-12,BY,0
2018-01,BY,0
2018-02,BY,0
2018-03,BY,10
2018-04,BY,0
2018-05,BY,0
2018-06,BY,0
2018-07,BY,0
2018-08,BY,0
2018-09,BY,0
2018-10,BY,0
2018-11,BY,0
2018-12,BY,0
2019-01,BY,0
2019-02,BY,0
2019-03,BY,0
2019-04,BY,0
2019-05,BY,0
2019-06,BY,0
2019-07,BY,0
2019-08,BY,0
2019-09,BY,0
2019-10,BY,0
2019-11,BY,0
2019-12,BY,0
2020-01,BY,0
2020-02,BY,0
2020-03,BY,0
2020-04,BY,0
2020-05,BY,0
2020-06,BY,0
2020-07,BY,0
2020-08,BY,0
2020-09,BY,0
2020-10,BY,0
2020-11,BY,0
2020-12,BY,0
2021-01,BY,0
2021-02,BY,0
2021-03,BY,0
2021-04,BY,0
2021-05,BY,0
2021-06,BY,0
2021-07,BY,0
2021-08,BY,0
2021-09,BY,0
2021-10,BY,0
2021-11,BY,0
2021-12,BY,0
2022-01,BY,0
2022-02,BY,0
2022-03,BY,0
2022-04,BY,0
2022-05,BY,0
2022-06,BY,0
2022-07,BY,0
2022-08,BY,0
2022-09,BY,0
2022-10,BY,0
2022-11,BY,0
2022-12,BY,0
2023-01,BY,0
2023-02,BY,0
2023-03,BY,0
2023-04,BY,0
2023-05,BY,0
2023-06,BY,0
2023-07,BY,0
2023-08,BY,0
2023-09,BY,0
2023-10,BY,0
2023-11,BY,0
2023-12,BY,0
2024-01,BY,0
2024-02,BY,0
2024-03,BY,0
2024-04,BY,0
2024-05,BY,0
2024-06,BY,0
2024-07,BY,0
2024-08,BY,0
2024-09,BY,0
2024-10,BY,0
2024-11,BY,0
2024-12,BY,0
2025-01,BY,0
2025-02,BY,0
2025-03,BY,0
2025-04,BY,0
2025-05,BY,0
2025-06,BY,0
2025-07,BY,0
2025-08,BY,0
2025-09,BY,0
2025-10,BY,0
2025-11,BY,0
2025-12,BY,0
2026-01,BY,0
2026-02,BY,0
2026-03,BY,0
2026-04,BY,0
2026-05,BY,0
2026-06,BY,0
2026-07,BY,0
2026-08,BY,0
2014-12,CA,0
2015-01,CA,0
2015-02,CA,10
2015-03,CA,159
2015-04,CA,306
2015-05,CA,485
2015-06,CA,489
2015-07,CA,336
2015-08,CA,277
2015-09,CA,371
2015-10,CA,227
2015-11,CA,199
2015-12,CA,203
2016-01,CA,447
2016-02,CA,340
2016-03,CA,263
2016-04,CA,49
2016-05,CA,396
2016-06,CA,269
2016-07,CA,268
2016-08,CA,419
2016-09,CA,382
2016-10,CA,369
2016-11,CA,289
2016-12,CA,193
2017-01,CA,363
2017-02,CA,442
2017-03,CA,529
2017-04,CA,573
2017-05,CA,448
2017-06,CA,220
2017-07,CA,145
2017-08,CA,160
2017-09,CA,33
2017-10,CA,243
2017-11,CA,169
2017-12,CA,13
2018-01,CA,176
2018-02,CA,134
2018-03,CA,305
2018-04,CA,77
2018-05,CA,40
2018-06,CA,47
2018-07,CA,24
2018-08,CA,10
2018-09,CA,0
2018-10,CA,0
2018-11,CA,22
2018-12,CA,0
2019-01,CA,0
2019-02,CA,54
2019-03,CA,23
2019-04,CA,0
2019-05,CA,10
2019-06,CA,11
2019-07,CA,0
2019-08,CA,0
2019-09,CA,13
2019-10,CA,10
2019-11,CA,42
2019-12,CA,0
2020-01,CA,0
2020-02,CA,0
2020-03,CA,23
2020-04,CA,11
2020-05,CA,0
2020-06,CA,0
2020-07,CA,0
2020-08,CA,0
2020-09,CA,0
2020-10,CA,0
2020-11,CA,0
2020-12,CA,0
2021-01,CA,0
2021-02,CA,0
2021-03,CA,0
2021-04,CA,0
2021-05,CA,0
2021-06,CA,0
2021-07,CA,0
2021-08,CA,0
2021-09,CA,0
2021-10,CA,0
2021-11,CA,0
2021-12,CA,0
2022-01,CA,0
2022-02,CA,0
2022-03,CA,11
2022-04,CA,0
2022-05,CA,0
2022-06,CA,0
2022-07,CA,0
2022-08,CA,0
2022-09,CA,0
2022-10,CA,0
2022-11,CA,0
2022-12,CA,0
2023-01,CA,0
2023-02,CA,0
2023-03,CA,0
2023-04,CA,0
2023-05,CA,0
2023-06,CA,0
2023-07,CA,0
2023-08,CA,0
2023-09,CA,0
2023-10,CA,0
2023-11,CA,0
2023-12,CA,0
2024-01,CA,0
2024-02,CA,0
2024-03,CA,0
2024-04,CA,0
2024-05,CA,0
2024-06,CA,0
2024-07,CA,0
2024-08,CA,0
2024-09,CA,0
2024-10,CA,0
2024-11,CA,0
2024-12,CA,0
2025-01,CA,0
2025-02,CA,0
2025-03,CA,0
2025-04,CA,0
2025-05,CA,0
2025-06,CA,0
2025-07,CA,0
2025-08,CA,0
2025-09,CA,0
2025-10,CA,0
2025-11,CA,0
2025-12,CA,0
2026-01,CA,0
2026-02,CA,0
2026-03,CA,0
2026-04,CA,0
2026-05,CA,0
2026-06,CA,0
2026-07,CA,0
2026-08,CA,0
2014-12,CG,0
2015-01,CG,0
2015-02,CG,0
2015-03,CG,0
2015-04,CG,0
2015-05,CG,0
2015-06,CG,0
2015-07,CG,0
2015-08,CG,0
2015-09,CG,0
2015-10,CG,0
2015-11,CG,0
2015-12,CG,0
2016-01,CG,0
2016-02,CG,0
2016-03,CG,0
2016-04,CG,0
2016-05,CG,0
2016-06,CG,0
2016-07,CG,16
2016-08,CG,0
2016-09,CG,0
2016-10,CG,0
2016-11,CG,0
2016-12,CG,0
2017-01,CG,0
2017-02,CG,0
2017-03,CG,0
2017-04,CG,0
2017-05,CG,0
2017-06,CG,0
2017-07,CG,0
2017-08,CG,0
2017-09,CG,0
2017-10,CG,0
2017-11,CG,0
2017-12,CG,0
2018-01,CG,0
2018-02,CG,0
2018-03,CG,0
2018-04,CG,0
2018-05,CG,0
2018-06,CG,0
2018-07,CG,0
2018-08,CG,0
2018-09,CG,0
2018-10,CG,0
2018-11,CG,0
2018-12,CG,0
2019-01,CG,0
2019-02,CG,0
2019-03,CG,0
2019-04,CG,0
2019-05,CG,0
2019-06,CG,0
2019-07,CG,0
2019-08,CG,0
2019-09,CG,0
2019-10,CG,0
2019-11,CG,0
2019-12,CG,0
2020-01,CG,0
2020-02,CG,0
2020-03,CG,0
2020-04,CG,0
2020-05,CG,0
2020-06,CG,0
2020-07,CG,0
2020-08,CG,0
2020-09,CG,0
2020-10,CG,0
2020-11,CG,0
2020-12,CG,0
2021-01,CG,0
2021-02,CG,0
2021-03,CG,0
2021-04,CG,0
2021-05,CG,0
2021-06,CG,0
2021-07,CG,0
2021-08,CG,0
2021-09,CG,0
2021-10,CG,0
2021-11,CG,0
2021-12,CG,0
2022-01,CG,0
2022-02,CG,0
2022-03,CG,0
2022-04,CG,0
2022-05,CG,0
2022-06,CG,0
2022-07,CG,0
2022-08,CG,0
2022-09,CG,0
2022-10,CG,0
2022-11,CG,0
2022-12,CG,0
2023-01,CG,0
2023-02,CG,0
2023-03,CG,0
2023-04,CG,0
2023-05,CG,0
2023-06,CG,0
2023-07,CG,0
2023-08,CG,0
2023-09,CG,0
2023-10,CG,0
2023-11,CG,0
2023-12,CG,0
2024-01,CG,0
2024-02,CG,0
2024-03,CG,0
2024-04,CG,0
2024-05,CG,0
2024-06,CG,0
2024-07,CG,0
2024-08,CG,0
2024-09,CG,0
2024-10,CG,0
2024-11,CG,0
2024-12,CG,0
2025-01,CG,0
2025-02,CG,0
2025-03,CG,0
2025-04,CG,0
2025-05,CG,0
2025-06,CG,0
2025-07,CG,0
2025-08,CG,0
2025-09,CG,0
2025-10,CG,0
2025-11,CG,0
2025-12,CG,0
2026-01,CG,0
2026-02,CG,0
2026-03,CG,0
2026-04,CG,0
2026-05,CG,0
2026-06,CG,0
2026-07,CG,0
2026-08,CG,0
2014-12,CH,0
2015-01,CH,0
2015-02,CH,0
2015-03,CH,0
2015-04,CH,70
2015-05,CH,0
2015-06,CH,0
2015-07,CH,0
2015-08,CH,0
2015-09,CH,10
2015-10,CH,23
2015-11,CH,0
2015-12,CH,10
2016-01,CH,0
2016-02,CH,14
2016-03,CH,10
2016-04,CH,14
2016-05,CH,0
2016-06,CH,0
2016-07,CH,0
2016-08,CH,0
2016-09,CH,0
2016-10,CH,0
2016-11,CH,10
2016-12,CH,0
2017-01,CH,10
2017-02,CH,0
2017-03,CH,0
2017-04,CH,0
2017-05,CH,0
2017-06,CH,0
2017-07,CH,24
2017-08,CH,0
2017-09,CH,0
2017-10,CH,0
2017-11,CH,0
2017-12,CH,10
2018-01,CH,0
2018-02,CH,0
2018-03,CH,33
2018-04,CH,10
2018-05,CH,0
2018-06,CH,0
2018-07,CH,0
2018-08,CH,0
2018-09,CH,0
2018-10,CH,0
2018-11,CH,0
2018-12,CH,0
2019-01,CH,0
2019-02,CH,0
2019-03,CH,0
2019-04,CH,0
2019-05,CH,0
2019-06,CH,0
2019-07,CH,0
2019-08,CH,0
2019-09,CH,0
2019-10,CH,0
2019-11,CH,0
2019-12,CH,0
2020-01,CH,0
2020-02,CH,0
2020-03,CH,0
2020-04,CH,0
2020-05,CH,0
2020-06,CH,0
2020-07,CH,0
2020-08,CH,0
2020-09,CH,0
2020-10,CH,0
2020-11,CH,0
2020-12,CH,0
2021-01,CH,0
2021-02,CH,0
2021-03,CH,0
2021-04,CH,0
2021-05,CH,0
2021-06,CH,0
2021-07,CH,0
2021-08,CH,0
2021-09,CH,0
2021-10,CH,0
2021-11,CH,0
2021-12,CH,0
2022-01,CH,0
2022-02,CH,0
2022-03,CH,0
2022-04,CH,0
2022-05,CH,0
2022-06,CH,0
2022-07,CH,0
2022-08,CH,0
2022-09,CH,0
2022-10,CH,0
2022-11,CH,0
2022-12,CH,0
2023-01,CH,0
2023-02,CH,0
2023-03,CH,0
2023-04,CH,0
2023-05,CH,0
2023-06,CH,0
2023-07,CH,0
2023-08,CH,0
2023-09,CH,0
2023-10,CH,0
2023-11,CH,0
2023-12,CH,0
2024-01,CH,0
2024-02,CH,0
2024-03,CH,0
2024-04,CH,0
2024-05,CH,0
2024-06,CH,0
2024-07,CH,0
2024-08,CH,0
2024-09,CH,0
2024-10,CH,0
2024-11,CH,0
2024-12,CH,0
2025-01,CH,0
2025-02,CH,0
2025-03,CH,0
2025-04,CH,0
2025-05,CH,0
2025-06,CH,0
2025-07,CH,0
2025-08,CH,0
2025-09,CH,0
2025-10,CH,0
2025-11,CH,0
2025-12,CH,0
2026-01,CH,0
2026-02,CH,0
2026-03,CH,0
2026-04,CH,0
2026-05,CH,0
2026-06,CH,0
2026-07,CH,0
2026-08,CH,0
2014-12,CL,0
2015-01,CL,0
2015-02,CL,0
2015-03,CL,0
2015-04,CL,39
2015-05,CL,97
2015-06,CL,63
2015-07,CL,88
2015-08,CL,131
2015-09,CL,54
2015-10,CL,114
2015-11,CL,237
2015-12,CL,303
2016-01,CL,278
2016-02,CL,239
2016-03,CL,191
2016-04,CL,194
2016-05,CL,220
2016-06,CL,172
2016-07,CL,314
2016-08,CL,313
2016-09,CL,400
2016-10,CL,251
2016-11,CL,217
2016-12,CL,369
2017-01,CL,251
2017-02,CL,337
2017-03,CL,132
2017-04,CL,264
2017-05,CL,182
2017-06,CL,109
2017-07,CL,376
2017-08,CL,222
2017-09,CL,42
2017-10,CL,33
2017-11,CL,35
2017-12,CL,156
2018-01,CL,65
2018-02,CL,51
2018-03,CL,44
2018-04,CL,12
2018-05,CL,60
2018-06,CL,22
2018-07,CL,0
2018-08,CL,21
2018-09,CL,23
2018-10,CL,0
2018-11,CL,18
2018-12,CL,0
2019-01,CL,11
2019-02,CL,0
2019-03,CL,10
2019-04,CL,0
2019-05,CL,0
2019-06,CL,0
2019-07,CL,0
2019-08,CL,0
2019-09,CL,0
2019-10,CL,0
2019-11,CL,0
2019-12,CL,0
2020-01,CL,0
2020-02,CL,0
2020-03,CL,0
2020-04,CL,0
2020-05,CL,0
2020-06,CL,0
2020-07,CL,0
2020-08,CL,0
2020-09,CL,0
2020-10,CL,0
2020-11,CL,15
2020-12,CL,0
2021-01,CL,0
2021-02,CL,0
2021-03,CL,0
2021-04,CL,0
2021-05,CL,20
2021-06,CL,0
2021-07,CL,0
2021-08,CL,0
2021-09,CL,0
2021-10,CL,0
2021-11,CL,0
2021-12,CL,0
2022-01,CL,0
2022-02,CL,0
2022-03,CL,0
2022-04,CL,0
2022-05,CL,0
2022-06,CL,0
2022-07,CL,0
2022-08,CL,0
2022-09,CL,0
2022-10,CL,0
2022-11,CL,0
2022-12,CL,0
2023-01,CL,0
2023-02,CL,0
2023-03,CL,0
2023-04,CL,0
2023-05,CL,0
2023-06,CL,0
2023-07,CL,0
2023-08,CL,0
2023-09,CL,0
2023-10,CL,0
2023-11,CL,0
2023-12,CL,0
2024-01,CL,0
2024-02,CL,0
2024-03,CL,0
2024-04,CL,0
2024-05,CL,0
2024-06,CL,0
2024-07,CL,0
2024-08,CL,0
2024-09,CL,0
2024-10,CL,0
2024-11,CL,0
2024-12,CL,0
2025-01,CL,0
2025-02,CL,0
2025-03,CL,0
2025-04,CL,0
2025-05,CL,0
2025-06,CL,0
2025-07,CL,0
2025-08,CL,0
2025-09,CL,0
2025-10,CL,0
2025-11,CL,0
2025-12,CL,0
2026-01,CL,0
2026-02,CL,0
2026-03,CL,0
2026-04,CL,0
2026-05,CL,0
2026-06,CL,0
2026-07,CL,0
2026-08,CL,0
2014-12,CM,0
2015-01,CM,0
2015-02,CM,0
2015-03,CM,0
2015-04,CM,0
2015-05,CM,0
2015-06,CM,0
2015-07,CM,0
2015-08,CM,0
2015-09,CM,0
2015-10,CM,0
2015-11,CM,0
2015-12,CM,0
2016-01,CM,0
2016-02,CM,0
2016-03,CM,0
2016-04,CM,0
2016-05,CM,0
2016-06,CM,0
2016-07,CM,0
2016-08,CM,0
2016-09,CM,11
2016-10,CM,0
2016-11,CM,0
2016-12,CM,0
2017-01,CM,0
2017-02,CM,0
2017-03,CM,0
2017-04,CM,0
2017-05,CM,0
2017-06,CM,0
2017-07,CM,0
2017-08,CM,0
2017-09,CM,0
2017-10,CM,0
2017-11,CM,0
2017-12,CM,0
2018-01,CM,0
2018-02,CM,31
2018-03,CM,0
2018-04,CM,0
2018-05,CM,0
2018-06,CM,0
2018-07,CM,0
2018-08,CM,0
2018-09,CM,0
2018-10,CM,0
2018-11,CM,0
2018-12,CM,0
2019-01,CM,0
2019-02,CM,0
2019-03,CM,0
2019-04,CM,0
2019-05,CM,0
2019-06,CM,0
2019-07,CM,0
2019-08,CM,0
2019-09,CM,0
2019-10,CM,0
2019-11,CM,0
2019-12,CM,0
2020-01,CM,0
2020-02,CM,0
2020-03,CM,0
2020-04,CM,0
2020-05,CM,0
2020-06,CM,0
2020-07,CM,0
2020-08,CM,0
2020-09,CM,0
2020-10,CM,0
2020-11,CM,0
2020-12,CM,0
2021-01,CM,0
2021-02,CM,0
2021-03,CM,0
2021-04,CM,0
2021-05,CM,0
2021-06,CM,0
2021-07,CM,0
2021-08,CM,0
2021-09,CM,0
2021-10,CM,0
2021-11,CM,0
2021-12,CM,0
2022-01,CM,0
2022-02,CM,0
2022-03,CM,0
2022-04,CM,0
2022-05,CM,0
2022-06,CM,0
2022-07,CM,0
2022-08,CM,0
2022-09,CM,0
2022-10,CM,0
2022-11,CM,0
2022-12,CM,0
2023-01,CM,0
2023-02,CM,0
2023-03,CM,0
2023-04,CM,0
2023-05,CM,0
2023-06,CM,0
2023-07,CM,0
2023-08,CM,0
2023-09,CM,0
2023-10,CM,0
2023-11,CM,0
2023-12,CM,0
2024-01,CM,0
2024-02,CM,0
2024-03,CM,0
2024-04,CM,0
2024-05,CM,0
2024-06,CM,0
2024-07,CM,0
2024-08,CM,0
2024-09,CM,0
2024-10,CM,0
2024-11,CM,0
2024-12,CM,0
2025-01,CM,0
2025-02,CM,0
2025-03,CM,0
2025-04,CM,0
2025-05,CM,0
2025-06,CM,0
2025-07,CM,0
2025-08,CM,0
2025-09,CM,0
2025-10,CM,0
2025-11,CM,0
2025-12,CM,0
2026-01,CM,0
2026-02,CM,0
2026-03,CM,0
2026-04,CM,0
2026-05,CM,0
2026-06,CM,0
2026-07,CM,0
2026-08,CM,0
2014-12,CO,0
2015-01,CO,0
2015-02,CO,0
2015-03,CO,0
2015-04,CO,0
2015-05,CO,13
2015-06,CO,32
2015-07,CO,0
2015-08,CO,0
2015-09,CO,0
2015-10,CO,16
2015-11,CO,13
2015-12,CO,22
2016-01,CO,0
2016-02,CO,33
2016-03,CO,16
2016-04,CO,60
2016-05,CO,39
2016-06,CO,46
2016-07,CO,20
2016-08,CO,37
2016-09,CO,0
2016-10,CO,54
2016-11,CO,30
2016-12,CO,50
2017-01,CO,10
2017-02,CO,0
2017-03,CO,76
2017-04,CO,48
2017-05,CO,33
2017-06,CO,0
2017-07,CO,156
2017-08,CO,167
2017-09,CO,36
2017-10,CO,0
2017-11,CO,0
2017-12,CO,48
2018-01,CO,41
2018-02,CO,12
2018-03,CO,21
2018-04,CO,0
2018-05,CO,0
2018-06,CO,0
2018-07,CO,13
2018-08,CO,0
2018-09,CO,0
2018-10,CO,0
2018-11,CO,0
2018-12,CO,0
2019-01,CO,10
2019-02,CO,0
2019-03,CO,0
2019-04,CO,0
2019-05,CO,0
2019-06,CO,0
2019-07,CO,0
2019-08,CO,0
2019-09,CO,0
2019-10,CO,0
2019-11,CO,0
2019-12,CO,0
2020-01,CO,0
2020-02,CO,0
2020-03,CO,0
2020-04,CO,0
2020-05,CO,0
2020-06,CO,0
2020-07,CO,0
2020-08,CO,0
2020-09,CO,0
2020-10,CO,0
2020-11,CO,0
2020-12,CO,0
2021-01,CO,0
2021-02,CO,0
2021-03,CO,0
2021-04,CO,0
2021-05,CO,0
2021-06,CO,0
2021-07,CO,0
2021-08,CO,0
2021-09,CO,0
2021-10,CO,0
2021-11,CO,0
2021-12,CO,0
2022-01,CO,0
2022-02,CO,0
2022-03,CO,0
2022-04,CO,0
2022-05,CO,0
2022-06,CO,0
2022-07,CO,0
2022-08,CO,0
2022-09,CO,0
2022-10,CO,0
2022-11,CO,0
2022-12,CO,0
2023-01,CO,0
2023-02,CO,0
2023-03,CO,0
2023-04,CO,0
2023-05,CO,0
2023-06,CO,0
2023-07,CO,0
2023-08,CO,0
2023-09,CO,0
2023-10,CO,0
2023-11,CO,0
2023-12,CO,0
2024-01,CO,0
2024-02,CO,0
2024-03,CO,0
2024-04,CO,0
2024-05,CO,0
2024-06,CO,0
2024-07,CO,0
2024-08,CO,0
2024-09,CO,0
2024-10,CO,0
2024-11,CO,0
2024-12,CO,0
2025-01,CO,0
2025-02,CO,0
2025-03,CO,0
2025-04,CO,0
2025-05,CO,0
2025-06,CO,0
2025-07,CO,0
2025-08,CO,0
2025-09,CO,0
2025-10,CO,0
2025-11,CO,0
2025-12,CO,0
2026-01,CO,0
2026-02,CO,0
2026-03,CO,0
2026-04,CO,0
2026-05,CO,0
2026-06,CO,0
2026-07,CO,0
2026-08,CO,0
2014-12,CR,0
2015-01,CR,0
2015-02,CR,0
2015-03,CR,0
2015-04,CR,11
2015-05,CR,0
2015-06,CR,0
2015-07,CR,0
2015-08,CR,0
2015-09,CR,0
2015-10,CR,0
2015-11,CR,0
2015-12,CR,0
2016-01,CR,0
2016-02,CR,0
2016-03,CR,0
2016-04,CR,0
2016-05,CR,0
2016-06,CR,0
2016-07,CR,11
2016-08,CR,0
2016-09,CR,0
2016-10,CR,0
2016-11,CR,0
2016-12,CR,0
2017-01,CR,0
2017-02,CR,0
2017-03,CR,0
2017-04,CR,0
2017-05,CR,0
2017-06,CR,0
2017-07,CR,0
2017-08,CR,0
2017-09,CR,0
2017-10,CR,0
2017-11,CR,0
2017-12,CR,0
2018-01,CR,0
2018-02,CR,0
2018-03,CR,0
2018-04,CR,0
2018-05,CR,0
2018-06,CR,0
2018-07,CR,0
2018-08,CR,0
2018-09,CR,0
2018-10,CR,0
2018-11,CR,0
2018-12,CR,0
2019-01,CR,0
2019-02,CR,0
2019-03,CR,0
2019-04,CR,0
2019-05,CR,0
2019-06,CR,0
2019-07,CR,0
2019-08,CR,0
2019-09,CR,0
2019-10,CR,0
2019-11,CR,0
2019-12,CR,0
2020-01,CR,0
2020-02,CR,0
2020-03,CR,0
2020-04,CR,0
2020-05,CR,0
2020-06,CR,10
2020-07,CR,0
2020-08,CR,0
2020-09,CR,0
2020-10,CR,0
2020-11,CR,0
2020-12,CR,0
2021-01,CR,0
2021-02,CR,0
2021-03,CR,0
2021-04,CR,0
2021-05,CR,0
2021-06,CR,0
2021-07,CR,0
2021-08,CR,0
2021-09,CR,0
2021-10,CR,0
2021-11,CR,0
2021-12,CR,0
2022-01,CR,0
2022-02,CR,0
2022-03,CR,0
2022-04,CR,0
2022-05,CR,0
2022-06,CR,0
2022-07,CR,0
2022-08,CR,0
2022-09,CR,0
2022-10,CR,0
2022-11,CR,0
2022-12,CR,0
2023-01,CR,0
2023-02,CR,0
2023-03,CR,0
2023-04,CR,0
2023-05,CR,0
2023-06,CR,0
2023-07,CR,0
2023-08,CR,0
2023-09,CR,0
2023-10,CR,0
2023-11,CR,0
2023-12,CR,0
2024-01,CR,0
2024-02,CR,0
2024-03,CR,10
2024-04,CR,0
2024-05,CR,0
2024-06,CR,0
2024-07,CR,0
2024-08,CR,0
2024-09,CR,0
2024-10,CR,0
2024-11,CR,0
2024-12,CR,0
2025-01,CR,0
2025-02,CR,0
2025-03,CR,0
2025-04,CR,0
2025-05,CR,0
2025-06,CR,0
2025-07,CR,0
2025-08,CR,0
2025-09,CR,0
2025-10,CR,0
2025-11,CR,0
2025-12,CR,0
2026-01,CR,0
2026-02,CR,0
2026-03,CR,0
2026-04,CR,0
2026-05,CR,0
2026-06,CR,0
2026-07,CR,0
2026-08,CR,0
2014-12,CZ,0
2015-01,CZ,0
2015-02,CZ,0
2015-03,CZ,0
2015-04,CZ,0
2015-05,CZ,0
2015-06,CZ,0
2015-07,CZ,0
2015-08,CZ,14
2015-09,CZ,0
2015-10,CZ,0
2015-11,CZ,0
2015-12,CZ,0
2016-01,CZ,0
2016-02,CZ,0
2016-03,CZ,0
2016-04,CZ,0
2016-05,CZ,0
2016-06,CZ,0
2016-07,CZ,0
2016-08,CZ,0
2016-09,CZ,0
2016-10,CZ,0
2016-11,CZ,0
2016-12,CZ,0
2017-01,CZ,0
2017-02,CZ,0
2017-03,CZ,0
2017-04,CZ,0
2017-05,CZ,0
2017-06,CZ,0
2017-07,CZ,0
2017-08,CZ,0
2017-09,CZ,0
2017-10,CZ,0
2017-11,CZ,0
2017-12,CZ,0
2018-01,CZ,0
2018-02,CZ,0
2018-03,CZ,0
2018-04,CZ,0
2018-05,CZ,12
2018-06,CZ,0
2018-07,CZ,0
2018-08,CZ,0
2018-09,CZ,0
2018-10,CZ,0
2018-11,CZ,0
2018-12,CZ,0
2019-01,CZ,0
2019-02,CZ,0
2019-03,CZ,0
2019-04,CZ,0
2019-05,CZ,0
2019-06,CZ,0
2019-07,CZ,0
2019-08,CZ,0
2019-09,CZ,0
2019-10,CZ,0
2019-11,CZ,0
2019-12,CZ,0
2020-01,CZ,0
2020-02,CZ,0
2020-03,CZ,0
2020-04,CZ,0
2020-05,CZ,0
2020-06,CZ,0
2020-07,CZ,0
2020-08,CZ,0
2020-09,CZ,0
2020-10,CZ,0
2020-11,CZ,0
2020-12,CZ,0
2021-01,CZ,0
2021-02,CZ,0
2021-03,CZ,0
2021-04,CZ,0
2021-05,CZ,0
2021-06,CZ,0
2021-07,CZ,0
2021-08,CZ,0
2021-09,CZ,0
2021-10,CZ,0
2021-11,CZ,0
2021-12,CZ,0
2022-01,CZ,0
2022-02,CZ,0
2022-03,CZ,0
2022-04,CZ,0
2022-05,CZ,0
2022-06,CZ,0
2022-07,CZ,0
2022-08,CZ,0
2022-09,CZ,0
2022-10,CZ,0
2022-11,CZ,0
2022-12,CZ,0
2023-01,CZ,0
2023-02,CZ,0
2023-03,CZ,0
2023-04,CZ,0
2023-05,CZ,0
2023-06,CZ,0
2023-07,CZ,0
2023-08,CZ,0
2023-09,CZ,0
2023-10,CZ,0
2023-11,CZ,0
2023-12,CZ,0
2024-01,CZ,0
2024-02,CZ,0
2024-03,CZ,0
2024-04,CZ,0
2024-05,CZ,0
2024-06,CZ,0
2024-07,CZ,0
2024-08,CZ,0
2024-09,CZ,0
2024-10,CZ,0
2024-11,CZ,0
2024-12,CZ,0
2025-01,CZ,0
2025-02,CZ,0
2025-03,CZ,0
2025-04,CZ,0
2025-05,CZ,0
2025-06,CZ,0
2025-07,CZ,0
2025-08,CZ,0
2025-09,CZ,0
2025-10,CZ,0
2025-11,CZ,0
2025-12,CZ,0
2026-01,CZ,0
2026-02,CZ,0
2026-03,CZ,0
2026-04,CZ,0
2026-05,CZ,0
2026-06,CZ,0
2026-07,CZ,0
2026-08,CZ,0
2014-12,DE,0
2015-01,DE,0
2015-02,DE,0
2015-03,DE,312
2015-04,DE,398
2015-05,DE,333
2015-06,DE,519
2015-07,DE,389
2015-08,DE,328
2015-09,DE,291
2015-10,DE,389
2015-11,DE,535
2015-12,DE,483
2016-01,DE,356
2016-02,DE,464
2016-03,DE,395
2016-04,DE,454
2016-05,DE,615
2016-06,DE,374
2016-07,DE,550
2016-08,DE,661
2016-09,DE,391
2016-10,DE,349
2016-11,DE,371
2016-12,DE,244
2017-01,DE,152
2017-02,DE,201
2017-03,DE,352
2017-04,DE,510
2017-05,DE,462
2017-06,DE,497
2017-07,DE,211
2017-08,DE,122
2017-09,DE,24
2017-10,DE,177
2017-11,DE,148
2017-12,DE,107
2018-01,DE,203
2018-02,DE,66
2018-03,DE,44
2018-04,DE,21
2018-05,DE,20
2018-06,DE,0
2018-07,DE,0
2018-08,DE,12
2018-09,DE,56
2018-10,DE,0
2018-11,DE,36
2018-12,DE,13
2019-01,DE,0
2019-02,DE,56
2019-03,DE,26
2019-04,DE,10
2019-05,DE,13
2019-06,DE,0
2019-07,DE,14
2019-08,DE,0
2019-09,DE,0
2019-10,DE,0
2019-11,DE,22
2019-12,DE,0
2020-01,DE,0
2020-02,DE,0
2020-03,DE,0
2020-04,DE,13
2020-05,DE,0
2020-06,DE,0
2020-07,DE,0
2020-08,DE,0
2020-09,DE,0
2020-10,DE,0
2020-11,DE,0
2020-12,DE,0
2021-01,DE,0
2021-02,DE,0
2021-03,DE,0
2021-04,DE,10
2021-05,DE,0
2021-06,DE,0
2021-07,DE,0
2021-08,DE,11
2021-09,DE,0
2021-10,DE,0
2021-11,DE,0
2021-12,DE,0
2022-01,DE,0
2022-02,DE,0
2022-03,DE,0
2022-04,DE,0
2022-05,DE,0
2022-06,DE,0
2022-07,DE,0
2022-08,DE,10
2022-09,DE,0
2022-10,DE,0
2022-11,DE,0
2022-12,DE,0
2023-01,DE,0
2023-02,DE,0
2023-03,DE,0
2023-04,DE,0
2023-05,DE,0
2023-06,DE,0
2023-07,DE,0
2023-08,DE,0
2023-09,DE,0
2023-10,DE,0
2023-11,DE,0
2023-12,DE,0
2024-01,DE,0
2024-02,DE,0
2024-03,DE,0
2024-04,DE,0
2024-05,DE,0
2024-06,DE,0
2024-07,DE,0
2024-08,DE,0
2024-09,DE,0
2024-10,DE,0
2024-11,DE,0
2024-12,DE,0
2025-01,DE,0
2025-02,DE,0
2025-03,DE,0
2025-04,DE,0
2025-05,DE,0
2025-06,DE,0
2025-07,DE,0
2025-08,DE,0
2025-09,DE,0
2025-10,DE,0
2025-11,DE,0
2025-12,DE,0
2026-01,DE,0
2026-02,DE,0
2026-03,DE,0
2026-04,DE,0
2026-05,DE,0
2026-06,DE,0
2026-07,DE,0
2026-08,DE,0
2014-12,DK,0
2015-01,DK,0
2015-02,DK,0
2015-03,DK,0
2015-04,DK,0
2015-05,DK,0
2015-06,DK,10
2015-07,DK,25
2015-08,DK,16
2015-09,DK,0
2015-10,DK,0
2015-11,DK,0
2015-12,DK,0
2016-01,DK,0
2016-02,DK,0
2016-03,DK,10
2016-04,DK,0
2016-05,DK,10
2016-06,DK,0
2016-07,DK,10
2016-08,DK,42
2016-09,DK,0
2016-10,DK,0
2016-11,DK,10
2016-12,DK,0
2017-01,DK,0
2017-02,DK,0
2017-03,DK,34
2017-04,DK,12
2017-05,DK,56
2017-06,DK,24
2017-07,DK,0
2017-08,DK,0
2017-09,DK,0
2017-10,DK,0
2017-11,DK,0
2017-12,DK,0
2018-01,DK,0
2018-02,DK,0
2018-03,DK,0
2018-04,DK,0
2018-05,DK,0
2018-06,DK,0
2018-07,DK,0
2018-08,DK,10
2018-09,DK,0
2018-10,DK,0
2018-11,DK,0
2018-12,DK,10
2019-01,DK,0
2019-02,DK,0
2019-03,DK,0
2019-04,DK,0
2019-05,DK,0
2019-06,DK,0
2019-07,DK,0
2019-08,DK,0
2019-09,DK,0
2019-10,DK,0
2019-11,DK,0
2019-12,DK,0
2020-01,DK,0
2020-02,DK,10
2020-03,DK,0
2020-04,DK,0
2020-05,DK,0
2020-06,DK,0
2020-07,DK,0
2020-08,DK,0
2020-09,DK,0
2020-10,DK,0
2020-11,DK,0
2020-12,DK,0
2021-01,DK,0
2021-02,DK,0
2021-03,DK,0
2021-04,DK,0
2021-05,DK,0
2021-06,DK,0
2021-07,DK,0
2021-08,DK,0
2021-09,DK,0
2021-10,DK,0
2021-11,DK,0
2021-12,DK,0
2022-01,DK,0
2022-02,DK,0
2022-03,DK,0
2022-04,DK,0
2022-05,DK,0
2022-06,DK,0
2022-07,DK,0
2022-08,DK,0
2022-09,DK,0
2022-10,DK,0
2022-11,DK,0
2022-12,DK,0
2023-01,DK,0
2023-02,DK,0
2023-03,DK,0
2023-04,DK,0
2023-05,DK,0
2023-06,DK,0
2023-07,DK,0
2023-08,DK,0
2023-09,DK,0
2023-10,DK,0
2023-11,DK,0
2023-12,DK,0
2024-01,DK,0
2024-02,DK,0
2024-03,DK,0
2024-04,DK,0
2024-05,DK,0
2024-06,DK,0
2024-07,DK,0
2024-08,DK,0
2024-09,DK,0
2024-10,DK,0
2024-11,DK,0
2024-12,DK,0
2025-01,DK,0
2025-02,DK,0
2025-03,DK,0
2025-04,DK,0
2025-05,DK,0
2025-06,DK,0
2025-07,DK,0
2025-08,DK,0
2025-09,DK,0
2025-10,DK,0
2025-11,DK,0
2025-12,DK,0
2026-01,DK,0
2026-02,DK,0
2026-03,DK,0
2026-04,DK,0
2026-05,DK,0
2026-06,DK,0
2026-07,DK,0
2026-08,DK,0
2014-12,DO,0
2015-01,DO,0
2015-02,DO,0
2015-03,DO,0
2015-04,DO,0
2015-05,DO,0
2015-06,DO,0
2015-07,DO,10
2015-08,DO,0
2015-09,DO,11
2015-10,DO,0
2015-11,DO,24
2015-12,DO,50
2016-01,DO,13
2016-02,DO,0
2016-03,DO,0
2016-04,DO,0
2016-05,DO,0
2016-06,DO,11
2016-07,DO,11
2016-08,DO,59
2016-09,DO,0
2016-10,DO,0
2016-11,DO,0
2016-12,DO,0
2017-01,DO,0
2017-02,DO,0
2017-03,DO,0
2017-04,DO,0
2017-05,DO,0
2017-06,DO,0
2017-07,DO,0
2017-08,DO,0
2017-09,DO,0
2017-10,DO,0
2017-11,DO,0
2017-12,DO,0
2018-01,DO,0
2018-02,DO,0
2018-03,DO,0
2018-04,DO,0
2018-05,DO,0
2018-06,DO,0
2018-07,DO,0
2018-08,DO,0
2018-09,DO,0
2018-10,DO,0
2018-11,DO,0
2018-12,DO,0
2019-01,DO,0
2019-02,DO,0
2019-03,DO,0
2019-04,DO,0
2019-05,DO,0
2019-06,DO,0
2019-07,DO,0
2019-08,DO,0
2019-09,DO,0
2019-10,DO,0
2019-11,DO,0
2019-12,DO,0
2020-01,DO,0
2020-02,DO,0
2020-03,DO,0
2020-04,DO,0
2020-05,DO,0
2020-06,DO,0
2020-07,DO,0
2020-08,DO,0
2020-09,DO,0
2020-10,DO,0
2020-11,DO,0
2020-12,DO,0
2021-01,DO,0
2021-02,DO,0
2021-03,DO,0
2021-04,DO,0
2021-05,DO,0
2021-06,DO,0
2021-07,DO,0
2021-08,DO,0
2021-09,DO,0
2021-10,DO,0
2021-11,DO,0
2021-12,DO,0
2022-01,DO,0
2022-02,DO,0
2022-03,DO,0
2022-04,DO,0
2022-05,DO,0
2022-06,DO,0
2022-07,DO,0
2022-08,DO,0
2022-09,DO,0
2022-10,DO,0
2022-11,DO,0
2022-12,DO,0
2023-01,DO,0
2023-02,DO,0
2023-03,DO,0
2023-04,DO,0
2023-05,DO,0
2023-06,DO,0
2023-07,DO,0
2023-08,DO,0
2023-09,DO,0
2023-10,DO,0
2023-11,DO,0
2023-12,DO,0
2024-01,DO,0
2024-02,DO,0
2024-03,DO,0
2024-04,DO,0
2024-05,DO,0
2024-06,DO,0
2024-07,DO,0
2024-08,DO,0
2024-09,DO,0
2024-10,DO,0
2024-11,DO,0
2024-12,DO,0
2025-01,DO,0
2025-02,DO,0
2025-03,DO,0
2025-04,DO,0
2025-05,DO,0
2025-06,DO,0
2025-07,DO,0
2025-08,DO,0
2025-09,DO,0
2025-10,DO,0
2025-11,DO,0
2025-12,DO,0
2026-01,DO,0
2026-02,DO,0
2026-03,DO,0
2026-04,DO,0
2026-05,DO,0
2026-06,DO,0
2026-07,DO,0
2026-08,DO,0
2014-12,DZ,0
2015-01,DZ,0
2015-02,DZ,0
2015-03,DZ,0
2015-04,DZ,0
2015-05,DZ,0
2015-06,DZ,0
2015-07,DZ,0
2015-08,DZ,0
2015-09,DZ,23
2015-10,DZ,0
2015-11,DZ,0
2015-12,DZ,0
2016-01,DZ,0
2016-02,DZ,0
2016-03,DZ,0
2016-04,DZ,0
2016-05,DZ,0
2016-06,DZ,29
2016-07,DZ,0
2016-08,DZ,24
2016-09,DZ,0
2016-10,DZ,0
2016-11,DZ,0
2016-12,DZ,0
2017-01,DZ,0
2017-02,DZ,0
2017-03,DZ,15
2017-04,DZ,0
2017-05,DZ,19
2017-06,DZ,0
2017-07,DZ,0
2017-08,DZ,0
2017-09,DZ,0
2017-10,DZ,0
2017-11,DZ,0
2017-12,DZ,0
2018-01,DZ,0
2018-02,DZ,0
2018-03,DZ,12
2018-04,DZ,0
2018-05,DZ,0
2018-06,DZ,0
2018-07,DZ,0
2018-08,DZ,0
2018-09,DZ,0
2018-10,DZ,0
2018-11,DZ,0
2018-12,DZ,0
2019-01,DZ,0
2019-02,DZ,0
2019-03,DZ,0
2019-04,DZ,0
2019-05,DZ,0
2019-06,DZ,0
2019-07,DZ,0
2019-08,DZ,0
2019-09,DZ,0
2019-10,DZ,0
2019-11,DZ,0
2019-12,DZ,0
2020-01,DZ,0
2020-02,DZ,0
2020-03,DZ,0
2020-04,DZ,0
2020-05,DZ,0
2020-06,DZ,0
2020-07,DZ,0
2020-08,DZ,0
2020-09,DZ,0
2020-10,DZ,0
2020-11,DZ,0
2020-12,DZ,0
2021-01,DZ,0
2021-02,DZ,0
2021-03,DZ,0
2021-04,DZ,0
2021-05,DZ,0
2021-06,DZ,0
2021-07,DZ,0
2021-08,DZ,0
2021-09,DZ,0
2021-10,DZ,0
2021-11,DZ,0
2021-12,DZ,0
2022-01,DZ,0
2022-02,DZ,0
2022-03,DZ,0
2022-04,DZ,0
2022-05,DZ,0
2022-06,DZ,0
2022-07,DZ,0
2022-08,DZ,0
2022-09,DZ,0
2022-10,DZ,0
2022-11,DZ,0
2022-12,DZ,0
2023-01,DZ,0
2023-02,DZ,0
2023-03,DZ,0
2023-04,DZ,0
2023-05,DZ,0
2023-06,DZ,0
2023-07,DZ,0
2023-08,DZ,0
2023-09,DZ,0
2023-10,DZ,0
2023-11,DZ,0
2023-12,DZ,0
2024-01,DZ,0
2024-02,DZ,0
2024-03,DZ,0
2024-04,DZ,0
2024-05,DZ,0
2024-06,DZ,0
2024-07,DZ,0
2024-08,DZ,0
2024-09,DZ,0
2024-10,DZ,0
2024-11,DZ,0
2024-12,DZ,0
2025-01,DZ,0
2025-02,DZ,0
2025-03,DZ,0
2025-04,DZ,0
2025-05,DZ,0
2025-06,DZ,0
2025-07,DZ,0
2025-08,DZ,0
2025-09,DZ,0
2025-10,DZ,0
2025-11,DZ,0
2025-12,DZ,0
2026-01,DZ,0
2026-02,DZ,0
2026-03,DZ,0
2026-04,DZ,0
2026-05,DZ,0
2026-06,DZ,0
2026-07,DZ,0
2026-08,DZ,0
2014-12,EC,0
2015-01,EC,0
2015-02,EC,0
2015-03,EC,0
2015-04,EC,33
2015-05,EC,0
2015-06,EC,0
2015-07,EC,0
2015-08,EC,0
2015-09,EC,0
2015-10,EC,0
2015-11,EC,0
2015-12,EC,0
2016-01,EC,0
2016-02,EC,0
2016-03,EC,0
2016-04,EC,0
2016-05,EC,0
2016-06,EC,0
2016-07,EC,13
2016-08,EC,28
2016-09,EC,0
2016-10,EC,10
2016-11,EC,0
2016-12,EC,46
2017-01,EC,0
2017-02,EC,10
2017-03,EC,133
2017-04,EC,14
2017-05,EC,0
2017-06,EC,13
2017-07,EC,10
2017-08,EC,38
2017-09,EC,0
2017-10,EC,0
2017-11,EC,0
2017-12,EC,25
2018-01,EC,0
2018-02,EC,0
2018-03,EC,0
2018-04,EC,0
2018-05,EC,0
2018-06,EC,0
2018-07,EC,0
2018-08,EC,0
2018-09,EC,0
2018-10,EC,0
2018-11,EC,0
2018-12,EC,0
2019-01,EC,0
2019-02,EC,0
2019-03,EC,0
2019-04,EC,0
2019-05,EC,0
2019-06,EC,0
2019-07,EC,0
2019-08,EC,0
2019-09,EC,0
2019-10,EC,0
2019-11,EC,0
2019-12,EC,0
2020-01,EC,0
2020-02,EC,0
2020-03,EC,0
2020-04,EC,0
2020-05,EC,0
2020-06,EC,0
2020-07,EC,0
2020-08,EC,0
2020-09,EC,0
2020-10,EC,28
2020-11,EC,0
2020-12,EC,0
2021-01,EC,0
2021-02,EC,0
2021-03,EC,0
2021-04,EC,0
2021-05,EC,0
2021-06,EC,0
2021-07,EC,0
2021-08,EC,0
2021-09,EC,0
2021-10,EC,0
2021-11,EC,0
2021-12,EC,0
2022-01,EC,0
2022-02,EC,0
2022-03,EC,0
2022-04,EC,0
2022-05,EC,0
2022-06,EC,0
2022-07,EC,0
2022-08,EC,0
2022-09,EC,0
2022-10,EC,0
2022-11,EC,0
2022-12,EC,0
2023-01,EC,0
2023-02,EC,0
2023-03,EC,0
2023-04,EC,0
2023-05,EC,0
2023-06,EC,0
2023-07,EC,0
2023-08,EC,0
2023-09,EC,0
2023-10,EC,0
2023-11,EC,0
2023-12,EC,0
2024-01,EC,0
2024-02,EC,0
2024-03,EC,0
2024-04,EC,0
2024-05,EC,0
2024-06,EC,0
2024-07,EC,0
2024-08,EC,0
2024-09,EC,0
2024-10,EC,0
2024-11,EC,0
2024-12,EC,0
2025-01,EC,0
2025-02,EC,0
2025-03,EC,0
2025-04,EC,0
2025-05,EC,0
2025-06,EC,0
2025-07,EC,0
2025-08,EC,0
2025-09,EC,0
2025-10,EC,0
2025-11,EC,0
2025-12,EC,0
2026-01,EC,0
2026-02,EC,0
2026-03,EC,0
2026-04,EC,0
2026-05,EC,0
2026-06,EC,0
2026-07,EC,0
2026-08,EC,0
2014-12,EE,0
2015-01,EE,0
2015-02,EE,0
2015-03,EE,0
2015-04,EE,0
2015-05,EE,0
2015-06,EE,0
2015-07,EE,0
2015-08,EE,10
2015-09,EE,0
2015-10,EE,0
2015-11,EE,0
2015-12,EE,0
2016-01,EE,0
2016-02,EE,0
2016-03,EE,0
2016-04,EE,0
2016-05,EE,0
2016-06,EE,0
2016-07,EE,0
2016-08,EE,0
2016-09,EE,0
2016-10,EE,0
2016-11,EE,0
2016-12,EE,0
2017-01,EE,0
2017-02,EE,0
2017-03,EE,0
2017-04,EE,0
2017-05,EE,0
2017-06,EE,10
2017-07,EE,0
2017-08,EE,0
2017-09,EE,0
2017-10,EE,0
2017-11,EE,0
2017-12,EE,0
2018-01,EE,0
2018-02,EE,0
2018-03,EE,0
2018-04,EE,0
2018-05,EE,0
2018-06,EE,0
2018-07,EE,0
2018-08,EE,0
2018-09,EE,0
2018-10,EE,0
2018-11,EE,0
2018-12,EE,0
2019-01,EE,0
2019-02,EE,0
2019-03,EE,0
2019-04,EE,0
2019-05,EE,0
2019-06,EE,0
2019-07,EE,0
2019-08,EE,0
2019-09,EE,0
2019-10,EE,0
2019-11,EE,0
2019-12,EE,0
2020-01,EE,0
2020-02,EE,0
2020-03,EE,0
2020-04,EE,0
2020-05,EE,0
2020-06,EE,0
2020-07,EE,0
2020-08,EE,0
2020-09,EE,0
2020-10,EE,0
2020-11,EE,0
2020-12,EE,0
2021-01,EE,0
2021-02,EE,0
2021-03,EE,0
2021-04,EE,0
2021-05,EE,0
2021-06,EE,0
2021-07,EE,0
2021-08,EE,0
2021-09,EE,0
2021-10,EE,0
2021-11,EE,0
2021-12,EE,0
2022-01,EE,0
2022-02,EE,0
2022-03,EE,0
2022-04,EE,0
2022-05,EE,0
2022-06,EE,0
2022-07,EE,0
2022-08,EE,0
2022-09,EE,0
2022-10,EE,0
2022-11,EE,0
2022-12,EE,0
2023-01,EE,0
2023-02,EE,0
2023-03,EE,0
2023-04,EE,0
2023-05,EE,0
2023-06,EE,0
2023-07,EE,0
2023-08,EE,0
2023-09,EE,0
2023-10,EE,0
2023-11,EE,0
2023-12,EE,0
2024-01,EE,0
2024-02,EE,0
2024-03,EE,0
2024-04,EE,0
2024-05,EE,0
2024-06,EE,0
2024-07,EE,0
2024-08,EE,0
2024-09,EE,0
2024-10,EE,0
2024-11,EE,0
2024-12,EE,0
2025-01,EE,0
2025-02,EE,0
2025-03,EE,0
2025-04,EE,0
2025-05,EE,0
2025-06,EE,0
2025-07,EE,0
2025-08,EE,0
2025-09,EE,0
2025-10,EE,0
2025-11,EE,0
2025-12,EE,0
2026-01,EE,0
2026-02,EE,0
2026-03,EE,0
2026-04,EE,0
2026-05,EE,0
2026-06,EE,0
2026-07,EE,0
2026-08,EE,0
2014-12,EG,0
2015-01,EG,0
2015-02,EG,0
2015-03,EG,0
2015-04,EG,0
2015-05,EG,0
2015-06,EG,0
2015-07,EG,0
2015-08,EG,0
2015-09,EG,14
2015-10,EG,48
2015-11,EG,0
2015-12,EG,0
2016-01,EG,0
2016-02,EG,0
2016-03,EG,0
2016-04,EG,0
2016-05,EG,0
2016-06,EG,78
2016-07,EG,12
2016-08,EG,0
2016-09,EG,0
2016-10,EG,0
2016-11,EG,0
2016-12,EG,0
2017-01,EG,0
2017-02,EG,15
2017-03,EG,0
2017-04,EG,10
2017-05,EG,89
2017-06,EG,0
2017-07,EG,0
2017-08,EG,0
2017-09,EG,0
2017-10,EG,0
2017-11,EG,0
2017-12,EG,0
2018-01,EG,0
2018-02,EG,0
2018-03,EG,0
2018-04,EG,0
2018-05,EG,0
2018-06,EG,0
2018-07,EG,0
2018-08,EG,0
2018-09,EG,0
2018-10,EG,0
2018-11,EG,0
2018-12,EG,0
2019-01,EG,0
2019-02,EG,0
2019-03,EG,0
2019-04,EG,0
2019-05,EG,0
2019-06,EG,0
2019-07,EG,0
2019-08,EG,0
2019-09,EG,0
2019-10,EG,0
2019-11,EG,0
2019-12,EG,0
2020-01,EG,0
2020-02,EG,0
2020-03,EG,0
2020-04,EG,0
2020-05,EG,0
2020-06,EG,0
2020-07,EG,0
2020-08,EG,0
2020-09,EG,0
2020-10,EG,0
2020-11,EG,0
2020-12,EG,0
2021-01,EG,0
2021-02,EG,0
2021-03,EG,0
2021-04,EG,0
2021-05,EG,0
2021-06,EG,0
2021-07,EG,0
2021-08,EG,0
2021-09,EG,0
2021-10,EG,0
2021-11,EG,0
2021-12,EG,0
2022-01,EG,0
2022-02,EG,0
2022-03,EG,0
2022-04,EG,0
2022-05,EG,0
2022-06,EG,0
2022-07,EG,0
2022-08,EG,0
2022-09,EG,0
2022-10,EG,0
2022-11,EG,0
2022-12,EG,0
2023-01,EG,0
2023-02,EG,0
2023-03,EG,0
2023-04,EG,0
2023-05,EG,0
2023-06,EG,0
2023-07,EG,0
2023-08,EG,0
2023-09,EG,0
2023-10,EG,0
2023-11,EG,0
2023-12,EG,0
2024-01,EG,0
2024-02,EG,0
2024-03,EG,0
2024-04,EG,0
2024-05,EG,0
2024-06,EG,0
2024-07,EG,0
2024-08,EG,0
2024-09,EG,0
2024-10,EG,0
2024-11,EG,0
2024-12,EG,0
2025-01,EG,0
2025-02,EG,0
2025-03,EG,0
2025-04,EG,0
2025-05,EG,0
2025-06,EG,0
2025-07,EG,0
2025-08,EG,0
2025-09,EG,0
2025-10,EG,0
2025-11,EG,0
2025-12,EG,0
2026-01,EG,0
2026-02,EG,0
2026-03,EG,0
2026-04,EG,0
2026-05,EG,0
2026-06,EG,0
2026-07,EG,0
2026-08,EG,0
2014-12,ES,0
2015-01,ES,0
2015-02,ES,10
2015-03,ES,126
2015-04,ES,364
2015-05,ES,378
2015-06,ES,398
2015-07,ES,523
2015-08,ES,351
2015-09,ES,617
2015-10,ES,413
2015-11,ES,193
2015-12,ES,142
2016-01,ES,246
2016-02,ES,596
2016-03,ES,1176
2016-04,ES,804
2016-05,ES,700
2016-06,ES,415
2016-07,ES,382
2016-08,ES,752
2016-09,ES,573
2016-10,ES,564
2016-11,ES,525
2016-12,ES,476
2017-01,ES,730
2017-02,ES,365
2017-03,ES,294
2017-04,ES,337
2017-05,ES,314
2017-06,ES,277
2017-07,ES,398
2017-08,ES,472
2017-09,ES,277
2017-10,ES,122
2017-11,ES,201
2017-12,ES,102
2018-01,ES,109
2018-02,ES,101
2018-03,ES,107
2018-04,ES,110
2018-05,ES,48
2018-06,ES,41
2018-07,ES,76
2018-08,ES,109
2018-09,ES,106
2018-10,ES,104
2018-11,ES,54
2018-12,ES,45
2019-01,ES,0
2019-02,ES,0
2019-03,ES,21
2019-04,ES,10
2019-05,ES,0
2019-06,ES,0
2019-07,ES,0
2019-08,ES,0
2019-09,ES,0
2019-10,ES,10
2019-11,ES,10
2019-12,ES,11
2020-01,ES,14
2020-02,ES,0
2020-03,ES,41
2020-04,ES,10
2020-05,ES,0
2020-06,ES,0
2020-07,ES,14
2020-08,ES,17
2020-09,ES,0
2020-10,ES,0
2020-11,ES,0
2020-12,ES,0
2021-01,ES,0
2021-02,ES,0
2021-03,ES,0
2021-04,ES,10
2021-05,ES,0
2021-06,ES,35
2021-07,ES,38
2021-08,ES,0
2021-09,ES,0
2021-10,ES,0
2021-11,ES,0
2021-12,ES,0
2022-01,ES,0
2022-02,ES,0
2022-03,ES,0
2022-04,ES,0
2022-05,ES,0
2022-06,ES,0
2022-07,ES,0
2022-08,ES,0
2022-09,ES,0
2022-10,ES,0
2022-11,ES,0
2022-12,ES,0
2023-01,ES,0
2023-02,ES,0
2023-03,ES,0
2023-04,ES,10
2023-05,ES,0
2023-06,ES,0
2023-07,ES,0
2023-08,ES,0
2023-09,ES,0
2023-10,ES,0
2023-11,ES,0
2023-12,ES,0
2024-01,ES,0
2024-02,ES,0
2024-03,ES,0
2024-04,ES,0
2024-05,ES,0
2024-06,ES,0
2024-07,ES,0
2024-08,ES,0
2024-09,ES,0
2024-10,ES,0
2024-11,ES,0
2024-12,ES,0
2025-01,ES,0
2025-02,ES,0
2025-03,ES,0
2025-04,ES,0
2025-05,ES,0
2025-06,ES,0
2025-07,ES,0
2025-08,ES,0
2025-09,ES,0
2025-10,ES,0
2025-11,ES,0
2025-12,ES,0
2026-01,ES,0
2026-02,ES,0
2026-03,ES,0
2026-04,ES,0
2026-05,ES,0
2026-06,ES,0
2026-07,ES,0
2026-08,ES,0
2014-12,FI,0
2015-01,FI,0
2015-02,FI,0
2015-03,FI,41
2015-04,FI,77
2015-05,FI,34
2015-06,FI,63
2015-07,FI,10
2015-08,FI,12
2015-09,FI,0
2015-10,FI,32
2015-11,FI,10
2015-12,FI,22
2016-01,FI,11
2016-02,FI,34
2016-03,FI,11
2016-04,FI,23
2016-05,FI,24
2016-06,FI,36
2016-07,FI,13
2016-08,FI,65
2016-09,FI,138
2016-10,FI,75
2016-11,FI,268
2016-12,FI,0
2017-01,FI,10
2017-02,FI,0
2017-03,FI,27
2017-04,FI,0
2017-05,FI,11
2017-06,FI,12
2017-07,FI,0
2017-08,FI,12
2017-09,FI,0
2017-10,FI,22
2017-11,FI,0
2017-12,FI,0
2018-01,FI,0
2018-02,FI,0
2018-03,FI,0
2018-04,FI,0
2018-05,FI,0
2018-06,FI,12
2018-07,FI,0
2018-08,FI,0
2018-09,FI,0
2018-10,FI,0
2018-11,FI,0
2018-12,FI,0
2019-01,FI,0
2019-02,FI,0
2019-03,FI,0
2019-04,FI,0
2019-05,FI,0
2019-06,FI,0
2019-07,FI,0
2019-08,FI,0
2019-09,FI,0
2019-10,FI,0
2019-11,FI,0
2019-12,FI,0
2020-01,FI,0
2020-02,FI,0
2020-03,FI,0
2020-04,FI,0
2020-05,FI,0
2020-06,FI,0
2020-07,FI,0
2020-08,FI,0
2020-09,FI,0
2020-10,FI,0
2020-11,FI,0
2020-12,FI,0
2021-01,FI,0
2021-02,FI,0
2021-03,FI,0
2021-04,FI,0
2021-05,FI,0
2021-06,FI,0
2021-07,FI,0
2021-08,FI,0
2021-09,FI,0
2021-10,FI,0
2021-11,FI,0
2021-12,FI,0
2022-01,FI,0
2022-02,FI,0
2022-03,FI,0
2022-04,FI,0
2022-05,FI,0
2022-06,FI,0
2022-07,FI,0
2022-08,FI,0
2022-09,FI,0
2022-10,FI,0
2022-11,FI,0
2022-12,FI,0
2023-01,FI,0
2023-02,FI,0
2023-03,FI,0
2023-04,FI,0
2023-05,FI,0
2023-06,FI,0
2023-07,FI,0
2023-08,FI,0
2023-09,FI,0
2023-10,FI,0
2023-11,FI,0
2023-12,FI,0
2024-01,FI,0
2024-02,FI,0
2024-03,FI,0
2024-04,FI,0
2024-05,FI,0
2024-06,FI,0
2024-07,FI,0
2024-08,FI,0
2024-09,FI,0
2024-10,FI,0
2024-11,FI,0
2024-12,FI,0
2025-01,FI,0
2025-02,FI,0
2025-03,FI,0
2025-04,FI,0
2025-05,FI,0
2025-06,FI,0
2025-07,FI,0
2025-08,FI,0
2025-09,FI,0
2025-10,FI,0
2025-11,FI,0
2025-12,FI,0
2026-01,FI,0
2026-02,FI,0
2026-03,FI,0
2026-04,FI,0
2026-05,FI,0
2026-06,FI,0
2026-07,FI,0
2026-08,FI,0
2014-12,FR,0
2015-01,FR,0
2015-02,FR,11
2015-03,FR,439
2015-04,FR,731
2015-05,FR,819
2015-06,FR,891
2015-07,FR,1374
2015-08,FR,889
2015-09,FR,802
2015-10,FR,767
2015-11,FR,942
2015-12,FR,957
2016-01,FR,1154
2016-02,FR,1417
2016-03,FR,1048
2016-04,FR,1166
2016-05,FR,1723
2016-06,FR,1533
2016-07,FR,1781
2016-08,FR,1419
2016-09,FR,923
2016-10,FR,1061
2016-11,FR,1200
2016-12,FR,1320
2017-01,FR,1286
2017-02,FR,1657
2017-03,FR,1407
2017-04,FR,1923
2017-05,FR,1758
2017-06,FR,1531
2017-07,FR,1218
2017-08,FR,893
2017-09,FR,462
2017-10,FR,681
2017-11,FR,603
2017-12,FR,735
2018-01,FR,564
2018-02,FR,706
2018-03,FR,763
2018-04,FR,712
2018-05,FR,722
2018-06,FR,633
2018-07,FR,578
2018-08,FR,469
2018-09,FR,378
2018-10,FR,307
2018-11,FR,170
2018-12,FR,267
2019-01,FR,195
2019-02,FR,225
2019-03,FR,189
2019-04,FR,67
2019-05,FR,121
2019-06,FR,108
2019-07,FR,82
2019-08,FR,87
2019-09,FR,93
2019-10,FR,116
2019-11,FR,67
2019-12,FR,90
2020-01,FR,111
2020-02,FR,54
2020-03,FR,106
2020-04,FR,185
2020-05,FR,132
2020-06,FR,46
2020-07,FR,22
2020-08,FR,137
2020-09,FR,127
2020-10,FR,20
2020-11,FR,15
2020-12,FR,98
2021-01,FR,128
2021-02,FR,43
2021-03,FR,0
2021-04,FR,0
2021-05,FR,22
2021-06,FR,10
2021-07,FR,0
2021-08,FR,0
2021-09,FR,0
2021-10,FR,26
2021-11,FR,0
2021-12,FR,0
2022-01,FR,69
2022-02,FR,0
2022-03,FR,165
2022-04,FR,0
2022-05,FR,0
2022-06,FR,0
2022-07,FR,0
2022-08,FR,0
2022-09,FR,0
2022-10,FR,0
2022-11,FR,0
2022-12,FR,0
2023-01,FR,14
2023-02,FR,0
2023-03,FR,0
2023-04,FR,0
2023-05,FR,0
2023-06,FR,0
2023-07,FR,0
2023-08,FR,0
2023-09,FR,0
2023-10,FR,0
2023-11,FR,0
2023-12,FR,0
2024-01,FR,0
2024-02,FR,0
2024-03,FR,11
2024-04,FR,0
2024-05,FR,0
2024-06,FR,0
2024-07,FR,0
2024-08,FR,0
2024-09,FR,0
2024-10,FR,0
2024-11,FR,0
2024-12,FR,0
2025-01,FR,0
2025-02,FR,0
2025-03,FR,0
2025-04,FR,0
2025-05,FR,0
2025-06,FR,0
2025-07,FR,0
2025-08,FR,0
2025-09,FR,0
2025-10,FR,0
2025-11,FR,0
2025-12,FR,0
2026-01,FR,0
2026-02,FR,0
2026-03,FR,0
2026-04,FR,0
2026-05,FR,0
2026-06,FR,0
2026-07,FR,0
2026-08,FR,0
2014-12,GB,0
2015-01,GB,0
2015-02,GB,0
2015-03,GB,97
2015-04,GB,501
2015-05,GB,569
2015-06,GB,522
2015-07,GB,327
2015-08,GB,269
2015-09,GB,204
2015-10,GB,242
2015-11,GB,234
2015-12,GB,155
2016-01,GB,312
2016-02,GB,254
2016-03,GB,257
2016-04,GB,543
2016-05,GB,449
2016-06,GB,467
2016-07,GB,527
2016-08,GB,363
2016-09,GB,401
2016-10,GB,182
2016-11,GB,270
2016-12,GB,226
2017-01,GB,194
2017-02,GB,402
2017-03,GB,256
2017-04,GB,355
2017-05,GB,383
2017-06,GB,354
2017-07,GB,182
2017-08,GB,154
2017-09,GB,125
2017-10,GB,44
2017-11,GB,43
2017-12,GB,149
2018-01,GB,50
2018-02,GB,73
2018-03,GB,11
2018-04,GB,44
2018-05,GB,69
2018-06,GB,54
2018-07,GB,35
2018-08,GB,14
2018-09,GB,31
2018-10,GB,10
2018-11,GB,25
2018-12,GB,32
2019-01,GB,20
2019-02,GB,10
2019-03,GB,35
2019-04,GB,0
2019-05,GB,11
2019-06,GB,32
2019-07,GB,0
2019-08,GB,0
2019-09,GB,0
2019-10,GB,14
2019-11,GB,0
2019-12,GB,20
2020-01,GB,0
2020-02,GB,23
2020-03,GB,10
2020-04,GB,0
2020-05,GB,0
2020-06,GB,0
2020-07,GB,0
2020-08,GB,0
2020-09,GB,0
2020-10,GB,23
2020-11,GB,0
2020-12,GB,0
2021-01,GB,12
2021-02,GB,0
2021-03,GB,0
2021-04,GB,0
2021-05,GB,0
2021-06,GB,34
2021-07,GB,0
2021-08,GB,0
2021-09,GB,0
2021-10,GB,0
2021-11,GB,0
2021-12,GB,11
2022-01,GB,0
2022-02,GB,0
2022-03,GB,10
2022-04,GB,10
2022-05,GB,10
2022-06,GB,0
2022-07,GB,0
2022-08,GB,0
2022-09,GB,98
2022-10,GB,34
2022-11,GB,37
2022-12,GB,0
2023-01,GB,0
2023-02,GB,0
2023-03,GB,0
2023-04,GB,0
2023-05,GB,0
2023-06,GB,14
2023-07,GB,0
2023-08,GB,0
2023-09,GB,0
2023-10,GB,0
2023-11,GB,16
2023-12,GB,0
2024-01,GB,11
2024-02,GB,0
2024-03,GB,0
2024-04,GB,0
2024-05,GB,12
2024-06,GB,0
2024-07,GB,12
2024-08,GB,37
2024-09,GB,0
2024-10,GB,10
2024-11,GB,21
2024-12,GB,15
2025-01,GB,28
2025-02,GB,0
2025-03,GB,0
2025-04,GB,0
2025-05,GB,138
2025-06,GB,91
2025-07,GB,0
2025-08,GB,0
2025-09,GB,0
2025-10,GB,0
2025-11,GB,85
2025-12,GB,0
2026-01,GB,0
2026-02,GB,0
2026-03,GB,0
2026-04,GB,0
2026-05,GB,10
2026-06,GB,0
2026-07,GB,0
2026-08,GB,0
2014-12,GE,0
2015-01,GE,0
2015-02,GE,0
2015-03,GE,0
2015-04,GE,0
2015-05,GE,0
2015-06,GE,0
2015-07,GE,0
2015-08,GE,0
2015-09,GE,0
2015-10,GE,0
2015-11,GE,0
2015-12,GE,0
2016-01,GE,16
2016-02,GE,0
2016-03,GE,0
2016-04,GE,0
2016-05,GE,0
2016-06,GE,0
2016-07,GE,0
2016-08,GE,0
2016-09,GE,0
2016-10,GE,0
2016-11,GE,0
2016-12,GE,0
2017-01,GE,0
2017-02,GE,0
2017-03,GE,0
2017-04,GE,0
2017-05,GE,0
2017-06,GE,0
2017-07,GE,0
2017-08,GE,0
2017-09,GE,0
2017-10,GE,0
2017-11,GE,0
2017-12,GE,0
2018-01,GE,0
2018-02,GE,0
2018-03,GE,0
2018-04,GE,0
2018-05,GE,0
2018-06,GE,0
2018-07,GE,0
2018-08,GE,0
2018-09,GE,0
2018-10,GE,0
2018-11,GE,0
2018-12,GE,0
2019-01,GE,0
2019-02,GE,0
2019-03,GE,0
2019-04,GE,0
2019-05,GE,0
2019-06,GE,0
2019-07,GE,0
2019-08,GE,0
2019-09,GE,0
2019-10,GE,0
2019-11,GE,0
2019-12,GE,0
2020-01,GE,0
2020-02,GE,0
2020-03,GE,0
2020-04,GE,0
2020-05,GE,0
2020-06,GE,0
2020-07,GE,0
2020-08,GE,0
2020-09,GE,0
2020-10,GE,0
2020-11,GE,0
2020-12,GE,0
2021-01,GE,0
2021-02,GE,0
2021-03,GE,0
2021-04,GE,0
2021-05,GE,0
2021-06,GE,0
2021-07,GE,0
2021-08,GE,0
2021-09,GE,0
2021-10,GE,0
2021-11,GE,0
2021-12,GE,0
2022-01,GE,0
2022-02,GE,0
2022-03,GE,0
2022-04,GE,0
2022-05,GE,0
2022-06,GE,0
2022-07,GE,0
2022-08,GE,0
2022-09,GE,0
2022-10,GE,0
2022-11,GE,0
2022-12,GE,0
2023-01,GE,0
2023-02,GE,0
2023-03,GE,0
2023-04,GE,0
2023-05,GE,0
2023-06,GE,0
2023-07,GE,0
2023-08,GE,0
2023-09,GE,0
2023-10,GE,0
2023-11,GE,0
2023-12,GE,0
2024-01,GE,0
2024-02,GE,0
2024-03,GE,0
2024-04,GE,0
2024-05,GE,0
2024-06,GE,0
2024-07,GE,0
2024-08,GE,0
2024-09,GE,0
2024-10,GE,0
2024-11,GE,0
2024-12,GE,0
2025-01,GE,0
2025-02,GE,0
2025-03,GE,0
2025-04,GE,0
2025-05,GE,0
2025-06,GE,0
2025-07,GE,0
2025-08,GE,0
2025-09,GE,0
2025-10,GE,0
2025-11,GE,0
2025-12,GE,0
2026-01,GE,0
2026-02,GE,0
2026-03,GE,0
2026-04,GE,0
2026-05,GE,0
2026-06,GE,0
2026-07,GE,0
2026-08,GE,0
2014-12,GP,0
2015-01,GP,0
2015-02,GP,0
2015-03,GP,0
2015-04,GP,0
2015-05,GP,0
2015-06,GP,0
2015-07,GP,0
2015-08,GP,0
2015-09,GP,0
2015-10,GP,0
2015-11,GP,0
2015-12,GP,0
2016-01,GP,0
2016-02,GP,0
2016-03,GP,0
2016-04,GP,0
2016-05,GP,0
2016-06,GP,0
2016-07,GP,0
2016-08,GP,0
2016-09,GP,0
2016-10,GP,12
2016-11,GP,0
2016-12,GP,0
2017-01,GP,0
2017-02,GP,0
2017-03,GP,0
2017-04,GP,0
2017-05,GP,0
2017-06,GP,0
2017-07,GP,0
2017-08,GP,0
2017-09,GP,10
2017-10,GP,0
2017-11,GP,0
2017-12,GP,0
2018-01,GP,0
2018-02,GP,0
2018-03,GP,0
2018-04,GP,0
2018-05,GP,0
2018-06,GP,0
2018-07,GP,0
2018-08,GP,0
2018-09,GP,0
2018-10,GP,0
2018-11,GP,0
2018-12,GP,0
2019-01,GP,0
2019-02,GP,0
2019-03,GP,0
2019-04,GP,0
2019-05,GP,0
2019-06,GP,0
2019-07,GP,0
2019-08,GP,0
2019-09,GP,0
2019-10,GP,0
2019-11,GP,0
2019-12,GP,0
2020-01,GP,0
2020-02,GP,0
2020-03,GP,0
2020-04,GP,0
2020-05,GP,0
2020-06,GP,0
2020-07,GP,0
2020-08,GP,0
2020-09,GP,0
2020-10,GP,0
2020-11,GP,0
2020-12,GP,0
2021-01,GP,0
2021-02,GP,0
2021-03,GP,0
2021-04,GP,0
2021-05,GP,0
2021-06,GP,0
2021-07,GP,0
2021-08,GP,0
2021-09,GP,0
2021-10,GP,0
2021-11,GP,0
2021-12,GP,0
2022-01,GP,0
2022-02,GP,0
2022-03,GP,0
2022-04,GP,0
2022-05,GP,0
2022-06,GP,0
2022-07,GP,0
2022-08,GP,0
2022-09,GP,0
2022-10,GP,0
2022-11,GP,0
2022-12,GP,0
2023-01,GP,0
2023-02,GP,0
2023-03,GP,0
2023-04,GP,0
2023-05,GP,0
2023-06,GP,0
2023-07,GP,0
2023-08,GP,0
2023-09,GP,0
2023-10,GP,0
2023-11,GP,0
2023-12,GP,0
2024-01,GP,0
2024-02,GP,0
2024-03,GP,0
2024-04,GP,0
2024-05,GP,0
2024-06,GP,0
2024-07,GP,0
2024-08,GP,0
2024-09,GP,0
2024-10,GP,0
2024-11,GP,0
2024-12,GP,0
2025-01,GP,0
2025-02,GP,0
2025-03,GP,0
2025-04,GP,0
2025-05,GP,0
2025-06,GP,0
2025-07,GP,0
2025-08,GP,0
2025-09,GP,0
2025-10,GP,0
2025-11,GP,0
2025-12,GP,0
2026-01,GP,0
2026-02,GP,0
2026-03,GP,0
2026-04,GP,0
2026-05,GP,0
2026-06,GP,0
2026-07,GP,0
2026-08,GP,0
2014-12,GR,0
2015-01,GR,0
2015-02,GR,0
2015-03,GR,0
2015-04,GR,0
2015-05,GR,0
2015-06,GR,0
2015-07,GR,0
2015-08,GR,0
2015-09,GR,0
2015-10,GR,0
2015-11,GR,0
2015-12,GR,0
2016-01,GR,0
2016-02,GR,0
2016-03,GR,0
2016-04,GR,0
2016-05,GR,0
2016-06,GR,10
2016-07,GR,0
2016-08,GR,0
2016-09,GR,0
2016-10,GR,0
2016-11,GR,0
2016-12,GR,0
2017-01,GR,0
2017-02,GR,0
2017-03,GR,0
2017-04,GR,0
2017-05,GR,10
2017-06,GR,0
2017-07,GR,0
2017-08,GR,0
2017-09,GR,0
2017-10,GR,0
2017-11,GR,0
2017-12,GR,0
2018-01,GR,0
2018-02,GR,0
2018-03,GR,0
2018-04,GR,0
2018-05,GR,0
2018-06,GR,0
2018-07,GR,0
2018-08,GR,0
2018-09,GR,0
2018-10,GR,0
2018-11,GR,0
2018-12,GR,0
2019-01,GR,0
2019-02,GR,0
2019-03,GR,0
2019-04,GR,0
2019-05,GR,0
2019-06,GR,0
2019-07,GR,0
2019-08,GR,0
2019-09,GR,19
2019-10,GR,23
2019-11,GR,27
2019-12,GR,0
2020-01,GR,0
2020-02,GR,0
2020-03,GR,13
2020-04,GR,0
2020-05,GR,0
2020-06,GR,0
2020-07,GR,0
2020-08,GR,0
2020-09,GR,0
2020-10,GR,0
2020-11,GR,0
2020-12,GR,0
2021-01,GR,0
2021-02,GR,0
2021-03,GR,0
2021-04,GR,0
2021-05,GR,0
2021-06,GR,0
2021-07,GR,0
2021-08,GR,0
2021-09,GR,0
2021-10,GR,0
2021-11,GR,0
2021-12,GR,0
2022-01,GR,0
2022-02,GR,0
2022-03,GR,0
2022-04,GR,0
2022-05,GR,25
2022-06,GR,0
2022-07,GR,0
2022-08,GR,0
2022-09,GR,0
2022-10,GR,0
2022-11,GR,0
2022-12,GR,0
2023-01,GR,0
2023-02,GR,0
2023-03,GR,0
2023-04,GR,0
2023-05,GR,0
2023-06,GR,0
2023-07,GR,0
2023-08,GR,0
2023-09,GR,0
2023-10,GR,0
2023-11,GR,0
2023-12,GR,0
2024-01,GR,0
2024-02,GR,0
2024-03,GR,0
2024-04,GR,0
2024-05,GR,0
2024-06,GR,0
2024-07,GR,0
2024-08,GR,0
2024-09,GR,0
2024-10,GR,0
2024-11,GR,0
2024-12,GR,0
2025-01,GR,0
2025-02,GR,0
2025-03,GR,0
2025-04,GR,0
2025-05,GR,0
2025-06,GR,0
2025-07,GR,0
2025-08,GR,0
2025-09,GR,0
2025-10,GR,0
2025-11,GR,0
2025-12,GR,0
2026-01,GR,0
2026-02,GR,0
2026-03,GR,0
2026-04,GR,0
2026-05,GR,0
2026-06,GR,0
2026-07,GR,0
2026-08,GR,0
2014-12,GT,0
2015-01,GT,0
2015-02,GT,0
2015-03,GT,0
2015-04,GT,0
2015-05,GT,0
2015-06,GT,0
2015-07,GT,0
2015-08,GT,0
2015-09,GT,0
2015-10,GT,0
2015-11,GT,0
2015-12,GT,0
2016-01,GT,0
2016-02,GT,0
2016-03,GT,0
2016-04,GT,0
2016-05,GT,0
2016-06,GT,0
2016-07,GT,0
2016-08,GT,0
2016-09,GT,0
2016-10,GT,0
2016-11,GT,0
2016-12,GT,0
2017-01,GT,0
2017-02,GT,0
2017-03,GT,0
2017-04,GT,34
2017-05,GT,0
2017-06,GT,0
2017-07,GT,10
2017-08,GT,0
2017-09,GT,0
2017-10,GT,0
2017-11,GT,0
2017-12,GT,0
2018-01,GT,0
2018-02,GT,0
2018-03,GT,0
2018-04,GT,0
2018-05,GT,0
2018-06,GT,0
2018-07,GT,0
2018-08,GT,0
2018-09,GT,0
2018-10,GT,0
2018-11,GT,0
2018-12,GT,0
2019-01,GT,0
2019-02,GT,0
2019-03,GT,0
2019-04,GT,0
2019-05,GT,0
2019-06,GT,0
2019-07,GT,0
2019-08,GT,0
2019-09,GT,0
2019-10,GT,0
2019-11,GT,0
2019-12,GT,0
2020-01,GT,0
2020-02,GT,0
2020-03,GT,0
2020-04,GT,0
2020-05,GT,0
2020-06,GT,0
2020-07,GT,0
2020-08,GT,0
2020-09,GT,0
2020-10,GT,0
2020-11,GT,0
2020-12,GT,0
2021-01,GT,0
2021-02,GT,0
2021-03,GT,0
2021-04,GT,0
2021-05,GT,0
2021-06,GT,0
2021-07,GT,0
2021-08,GT,0
2021-09,GT,0
2021-10,GT,0
2021-11,GT,0
2021-12,GT,0
2022-01,GT,0
2022-02,GT,0
2022-03,GT,0
2022-04,GT,0
2022-05,GT,0
2022-06,GT,0
2022-07,GT,0
2022-08,GT,0
2022-09,GT,0
2022-10,GT,0
2022-11,GT,0
2022-12,GT,0
2023-01,GT,0
2023-02,GT,0
2023-03,GT,0
2023-04,GT,0
2023-05,GT,0
2023-06,GT,0
2023-07,GT,0
2023-08,GT,0
2023-09,GT,0
2023-10,GT,0
2023-11,GT,0
2023-12,GT,0
2024-01,GT,0
2024-02,GT,0
2024-03,GT,0
2024-04,GT,0
2024-05,GT,0
2024-06,GT,0
2024-07,GT,0
2024-08,GT,0
2024-09,GT,0
2024-10,GT,0
2024-11,GT,0
2024-12,GT,0
2025-01,GT,0
2025-02,GT,0
2025-03,GT,0
2025-04,GT,0
2025-05,GT,0
2025-06,GT,0
2025-07,GT,0
2025-08,GT,0
2025-09,GT,0
2025-10,GT,0
2025-11,GT,0
2025-12,GT,0
2026-01,GT,0
2026-02,GT,0
2026-03,GT,0
2026-04,GT,0
2026-05,GT,0
2026-06,GT,0
2026-07,GT,0
2026-08,GT,0
2014-12,GU,0
2015-01,GU,0
2015-02,GU,0
2015-03,GU,0
2015-04,GU,0
2015-05,GU,0
2015-06,GU,0
2015-07,GU,0
2015-08,GU,0
2015-09,GU,0
2015-10,GU,24
2015-11,GU,0
2015-12,GU,0
2016-01,GU,0
2016-02,GU,0
2016-03,GU,0
2016-04,GU,0
2016-05,GU,0
2016-06,GU,0
2016-07,GU,0
2016-08,GU,0
2016-09,GU,0
2016-10,GU,0
2016-11,GU,0
2016-12,GU,0
2017-01,GU,0
2017-02,GU,0
2017-03,GU,0
2017-04,GU,0
2017-05,GU,0
2017-06,GU,0
2017-07,GU,0
2017-08,GU,0
2017-09,GU,0
2017-10,GU,0
2017-11,GU,0
2017-12,GU,0
2018-01,GU,0
2018-02,GU,0
2018-03,GU,0
2018-04,GU,0
2018-05,GU,0
2018-06,GU,0
2018-07,GU,0
2018-08,GU,0
2018-09,GU,0
2018-10,GU,0
2018-11,GU,0
2018-12,GU,0
2019-01,GU,0
2019-02,GU,0
2019-03,GU,0
2019-04,GU,0
2019-05,GU,0
2019-06,GU,0
2019-07,GU,0
2019-08,GU,0
2019-09,GU,0
2019-10,GU,0
2019-11,GU,0
2019-12,GU,0
2020-01,GU,0
2020-02,GU,0
2020-03,GU,0
2020-04,GU,0
2020-05,GU,0
2020-06,GU,0
2020-07,GU,0
2020-08,GU,0
2020-09,GU,0
2020-10,GU,0
2020-11,GU,0
2020-12,GU,0
2021-01,GU,0
2021-02,GU,0
2021-03,GU,0
2021-04,GU,0
2021-05,GU,0
2021-06,GU,0
2021-07,GU,0
2021-08,GU,0
2021-09,GU,0
2021-10,GU,0
2021-11,GU,0
2021-12,GU,0
2022-01,GU,0
2022-02,GU,0
2022-03,GU,0
2022-04,GU,0
2022-05,GU,0
2022-06,GU,0
2022-07,GU,0
2022-08,GU,0
2022-09,GU,0
2022-10,GU,0
2022-11,GU,0
2022-12,GU,0
2023-01,GU,0
2023-02,GU,0
2023-03,GU,0
2023-04,GU,0
2023-05,GU,0
2023-06,GU,0
2023-07,GU,0
2023-08,GU,0
2023-09,GU,0
2023-10,GU,0
2023-11,GU,0
2023-12,GU,0
2024-01,GU,0
2024-02,GU,0
2024-03,GU,0
2024-04,GU,0
2024-05,GU,0
2024-06,GU,0
2024-07,GU,0
2024-08,GU,0
2024-09,GU,0
2024-10,GU,0
2024-11,GU,0
2024-12,GU,0
2025-01,GU,0
2025-02,GU,0
2025-03,GU,0
2025-04,GU,0
2025-05,GU,0
2025-06,GU,0
2025-07,GU,0
2025-08,GU,0
2025-09,GU,0
2025-10,GU,0
2025-11,GU,0
2025-12,GU,0
2026-01,GU,0
2026-02,GU,0
2026-03,GU,0
2026-04,GU,0
2026-05,GU,0
2026-06,GU,0
2026-07,GU,0
2026-08,GU,0
2014-12,HK,0
2015-01,HK,0
2015-02,HK,55
2015-03,HK,1320
2015-04,HK,2209
2015-05,HK,1639
2015-06,HK,2491
2015-07,HK,2184
2015-08,HK,1073
2015-09,HK,740
2015-10,HK,1453
2015-11,HK,1363
2015-12,HK,2667
2016-01,HK,3609
2016-02,HK,3258
2016-03,HK,3542
2016-04,HK,3052
2016-05,HK,2937
2016-06,HK,3060
2016-07,HK,2651
2016-08,HK,3655
2016-09,HK,2407
2016-10,HK,2465
2016-11,HK,2181
2016-12,HK,2323
2017-01,HK,2142
2017-02,HK,1639
2017-03,HK,1782
2017-04,HK,4170
2017-05,HK,7100
2017-06,HK,10416
2017-07,HK,10006
2017-08,HK,8370
2017-09,HK,3939
2017-10,HK,2692
2017-11,HK,2315
2017-12,HK,3607
2018-01,HK,2736
2018-02,HK,2254
2018-03,HK,2030
2018-04,HK,2135
2018-05,HK,1865
2018-06,HK,1660
2018-07,HK,1842
2018-08,HK,1657
2018-09,HK,1922
2018-10,HK,1909
2018-11,HK,1873
2018-12,HK,1671
2019-01,HK,1790
2019-02,HK,1947
2019-03,HK,1472
2019-04,HK,848
2019-05,HK,971
2019-06,HK,914
2019-07,HK,1105
2019-08,HK,1954
2019-09,HK,1107
2019-10,HK,923
2019-11,HK,979
2019-12,HK,752
2020-01,HK,754
2020-02,HK,910
2020-03,HK,1495
2020-04,HK,1217
2020-05,HK,1128
2020-06,HK,1003
2020-07,HK,1383
2020-08,HK,2000
2020-09,HK,1994
2020-10,HK,1533
2020-11,HK,1114
2020-12,HK,2131
2021-01,HK,1975
2021-02,HK,1793
2021-03,HK,1742
2021-04,HK,902
2021-05,HK,718
2021-06,HK,1185
2021-07,HK,1126
2021-08,HK,1026
2021-09,HK,578
2021-10,HK,349
2021-11,HK,293
2021-12,HK,177
2022-01,HK,249
2022-02,HK,79
2022-03,HK,116
2022-04,HK,89
2022-05,HK,122
2022-06,HK,93
2022-07,HK,61
2022-08,HK,102
2022-09,HK,36
2022-10,HK,20
2022-11,HK,83
2022-12,HK,69
2023-01,HK,101
2023-02,HK,10
2023-03,HK,37
2023-04,HK,23
2023-05,HK,0
2023-06,HK,0
2023-07,HK,65
2023-08,HK,10
2023-09,HK,0
2023-10,HK,12
2023-11,HK,44
2023-12,HK,10
2024-01,HK,0
2024-02,HK,0
2024-03,HK,0
2024-04,HK,0
2024-05,HK,0
2024-06,HK,0
2024-07,HK,0
2024-08,HK,13
2024-09,HK,0
2024-10,HK,0
2024-11,HK,0
2024-12,HK,0
2025-01,HK,10
2025-02,HK,11
2025-03,HK,0
2025-04,HK,11
2025-05,HK,0
2025-06,HK,0
2025-07,HK,0
2025-08,HK,0
2025-09,HK,0
2025-10,HK,33
2025-11,HK,0
2025-12,HK,0
2026-01,HK,0
2026-02,HK,0
2026-03,HK,27
2026-04,HK,0
2026-05,HK,0
2026-06,HK,0
2026-07,HK,0
2026-08,HK,0
2014-12,HN,0
2015-01,HN,0
2015-02,HN,0
2015-03,HN,0
2015-04,HN,0
2015-05,HN,0
2015-06,HN,0
2015-07,HN,0
2015-08,HN,0
2015-09,HN,0
2015-10,HN,0
2015-11,HN,0
2015-12,HN,0
2016-01,HN,0
2016-02,HN,0
2016-03,HN,0
2016-04,HN,0
2016-05,HN,0
2016-06,HN,0
2016-07,HN,0
2016-08,HN,0
2016-09,HN,0
2016-10,HN,0
2016-11,HN,0
2016-12,HN,0
2017-01,HN,0
2017-02,HN,0
2017-03,HN,0
2017-04,HN,0
2017-05,HN,0
2017-06,HN,0
2017-07,HN,0
2017-08,HN,0
2017-09,HN,0
2017-10,HN,0
2017-11,HN,17
2017-12,HN,0
2018-01,HN,0
2018-02,HN,0
2018-03,HN,0
2018-04,HN,0
2018-05,HN,0
2018-06,HN,0
2018-07,HN,0
2018-08,HN,0
2018-09,HN,0
2018-10,HN,0
2018-11,HN,0
2018-12,HN,0
2019-01,HN,0
2019-02,HN,0
2019-03,HN,0
2019-04,HN,0
2019-05,HN,0
2019-06,HN,0
2019-07,HN,0
2019-08,HN,0
2019-09,HN,0
2019-10,HN,0
2019-11,HN,0
2019-12,HN,0
2020-01,HN,0
2020-02,HN,0
2020-03,HN,0
2020-04,HN,0
2020-05,HN,0
2020-06,HN,0
2020-07,HN,0
2020-08,HN,0
2020-09,HN,0
2020-10,HN,0
2020-11,HN,0
2020-12,HN,0
2021-01,HN,0
2021-02,HN,0
2021-03,HN,0
2021-04,HN,0
2021-05,HN,0
2021-06,HN,0
2021-07,HN,0
2021-08,HN,0
2021-09,HN,0
2021-10,HN,0
2021-11,HN,0
2021-12,HN,0
2022-01,HN,0
2022-02,HN,0
2022-03,HN,0
2022-04,HN,0
2022-05,HN,0
2022-06,HN,0
2022-07,HN,0
2022-08,HN,0
2022-09,HN,0
2022-10,HN,0
2022-11,HN,0
2022-12,HN,0
2023-01,HN,0
2023-02,HN,0
2023-03,HN,0
2023-04,HN,0
2023-05,HN,0
2023-06,HN,0
2023-07,HN,0
2023-08,HN,0
2023-09,HN,0
2023-10,HN,0
2023-11,HN,0
2023-12,HN,0
2024-01,HN,0
2024-02,HN,0
2024-03,HN,0
2024-04,HN,0
2024-05,HN,0
2024-06,HN,0
2024-07,HN,0
2024-08,HN,0
2024-09,HN,0
2024-10,HN,0
2024-11,HN,0
2024-12,HN,0
2025-01,HN,0
2025-02,HN,0
2025-03,HN,0
2025-04,HN,0
2025-05,HN,0
2025-06,HN,0
2025-07,HN,0
2025-08,HN,0
2025-09,HN,0
2025-10,HN,0
2025-11,HN,0
2025-12,HN,0
2026-01,HN,0
2026-02,HN,0
2026-03,HN,0
2026-04,HN,0
2026-05,HN,0
2026-06,HN,0
2026-07,HN,0
2026-08,HN,0
2014-12,HU,0
2015-01,HU,0
2015-02,HU,0
2015-03,HU,0
2015-04,HU,16
2015-05,HU,0
2015-06,HU,0
2015-07,HU,0
2015-08,HU,0
2015-09,HU,0
2015-10,HU,26
2015-11,HU,0
2015-12,HU,0
2016-01,HU,0
2016-02,HU,0
2016-03,HU,27
2016-04,HU,11
2016-05,HU,0
2016-06,HU,0
2016-07,HU,0
2016-08,HU,0
2016-09,HU,0
2016-10,HU,36
2016-11,HU,0
2016-12,HU,11
2017-01,HU,0
2017-02,HU,12
2017-03,HU,0
2017-04,HU,0
2017-05,HU,0
2017-06,HU,17
2017-07,HU,0
2017-08,HU,0
2017-09,HU,0
2017-10,HU,0
2017-11,HU,0
2017-12,HU,0
2018-01,HU,0
2018-02,HU,0
2018-03,HU,0
2018-04,HU,0
2018-05,HU,0
2018-06,HU,0
2018-07,HU,0
2018-08,HU,0
2018-09,HU,0
2018-10,HU,0
2018-11,HU,0
2018-12,HU,0
2019-01,HU,0
2019-02,HU,0
2019-03,HU,0
2019-04,HU,0
2019-05,HU,0
2019-06,HU,0
2019-07,HU,0
2019-08,HU,0
2019-09,HU,0
2019-10,HU,0
2019-11,HU,0
2019-12,HU,0
2020-01,HU,0
2020-02,HU,0
2020-03,HU,0
2020-04,HU,0
2020-05,HU,0
2020-06,HU,0
2020-07,HU,0
2020-08,HU,0
2020-09,HU,0
2020-10,HU,0
2020-11,HU,0
2020-12,HU,0
2021-01,HU,0
2021-02,HU,0
2021-03,HU,0
2021-04,HU,0
2021-05,HU,0
2021-06,HU,0
2021-07,HU,0
2021-08,HU,0
2021-09,HU,0
2021-10,HU,0
2021-11,HU,0
2021-12,HU,0
2022-01,HU,0
2022-02,HU,0
2022-03,HU,0
2022-04,HU,0
2022-05,HU,0
2022-06,HU,11
2022-07,HU,0
2022-08,HU,0
2022-09,HU,0
2022-10,HU,0
2022-11,HU,0
2022-12,HU,0
2023-01,HU,0
2023-02,HU,0
2023-03,HU,0
2023-04,HU,0
2023-05,HU,0
2023-06,HU,0
2023-07,HU,0
2023-08,HU,0
2023-09,HU,0
2023-10,HU,0
2023-11,HU,0
2023-12,HU,0
2024-01,HU,0
2024-02,HU,0
2024-03,HU,0
2024-04,HU,0
2024-05,HU,0
2024-06,HU,0
2024-07,HU,0
2024-08,HU,0
2024-09,HU,0
2024-10,HU,0
2024-11,HU,0
2024-12,HU,0
2025-01,HU,0
2025-02,HU,0
2025-03,HU,0
2025-04,HU,0
2025-05,HU,0
2025-06,HU,0
2025-07,HU,0
2025-08,HU,0
2025-09,HU,0
2025-10,HU,0
2025-11,HU,0
2025-12,HU,0
2026-01,HU,0
2026-02,HU,0
2026-03,HU,0
2026-04,HU,0
2026-05,HU,0
2026-06,HU,0
2026-07,HU,0
2026-08,HU,0
2014-12,ID,35
2015-01,ID,513
2015-02,ID,1335
2015-03,ID,3798
2015-04,ID,7314
2015-05,ID,9398
2015-06,ID,13199
2015-07,ID,12820
2015-08,ID,13506
2015-09,ID,11872
2015-10,ID,12387
2015-11,ID,8499
2015-12,ID,10553
2016-01,ID,8043
2016-02,ID,8460
2016-03,ID,9361
2016-04,ID,9223
2016-05,ID,8445
2016-06,ID,7397
2016-07,ID,6398
2016-08,ID,5151
2016-09,ID,4638
2016-10,ID,3808
2016-11,ID,3803
2016-12,ID,5928
2017-01,ID,4900
2017-02,ID,4501
2017-03,ID,4139
2017-04,ID,4055
2017-05,ID,4369
2017-06,ID,4850
2017-07,ID,4201
2017-08,ID,2665
2017-09,ID,2186
2017-10,ID,1977
2017-11,ID,1924
2017-12,ID,2434
2018-01,ID,2090
2018-02,ID,1748
2018-03,ID,1715
2018-04,ID,1908
2018-05,ID,2025
2018-06,ID,1645
2018-07,ID,1015
2018-08,ID,809
2018-09,ID,780
2018-10,ID,874
2018-11,ID,699
2018-12,ID,733
2019-01,ID,518
2019-02,ID,572
2019-03,ID,723
2019-04,ID,615
2019-05,ID,793
2019-06,ID,719
2019-07,ID,372
2019-08,ID,225
2019-09,ID,164
2019-10,ID,366
2019-11,ID,419
2019-12,ID,348
2020-01,ID,247
2020-02,ID,127
2020-03,ID,258
2020-04,ID,303
2020-05,ID,391
2020-06,ID,256
2020-07,ID,341
2020-08,ID,257
2020-09,ID,351
2020-10,ID,157
2020-11,ID,277
2020-12,ID,219
2021-01,ID,79
2021-02,ID,144
2021-03,ID,46
2021-04,ID,12
2021-05,ID,11
2021-06,ID,99
2021-07,ID,87
2021-08,ID,83
2021-09,ID,25
2021-10,ID,75
2021-11,ID,102
2021-12,ID,33
2022-01,ID,100
2022-02,ID,0
2022-03,ID,0
2022-04,ID,17
2022-05,ID,24
2022-06,ID,0
2022-07,ID,11
2022-08,ID,0
2022-09,ID,0
2022-10,ID,16
2022-11,ID,10
2022-12,ID,49
2023-01,ID,25
2023-02,ID,35
2023-03,ID,0
2023-04,ID,0
2023-05,ID,0
2023-06,ID,33
2023-07,ID,0
2023-08,ID,0
2023-09,ID,0
2023-10,ID,0
2023-11,ID,12
2023-12,ID,0
2024-01,ID,0
2024-02,ID,0
2024-03,ID,0
2024-04,ID,0
2024-05,ID,0
2024-06,ID,0
2024-07,ID,0
2024-08,ID,0
2024-09,ID,0
2024-10,ID,0
2024-11,ID,0
2024-12,ID,0
2025-01,ID,0
2025-02,ID,0
2025-03,ID,0
2025-04,ID,0
2025-05,ID,0
2025-06,ID,0
2025-07,ID,0
2025-08,ID,0
2025-09,ID,0
2025-10,ID,0
2025-11,ID,0
2025-12,ID,0
2026-01,ID,0
2026-02,ID,0
2026-03,ID,0
2026-04,ID,0
2026-05,ID,0
2026-06,ID,0
2026-07,ID,17
2026-08,ID,0
2014-12,IE,0
2015-01,IE,0
2015-02,IE,0
2015-03,IE,0
2015-04,IE,0
2015-05,IE,0
2015-06,IE,0
2015-07,IE,0
2015-08,IE,0
2015-09,IE,0
2015-10,IE,0
2015-11,IE,0
2015-12,IE,0
2016-01,IE,0
2016-02,IE,0
2016-03,IE,0
2016-04,IE,0
2016-05,IE,0
2016-06,IE,0
2016-07,IE,0
2016-08,IE,0
2016-09,IE,0
2016-10,IE,0
2016-11,IE,0
2016-12,IE,0
2017-01,IE,0
2017-02,IE,0
2017-03,IE,0
2017-04,IE,0
2017-05,IE,0
2017-06,IE,0
2017-07,IE,0
2017-08,IE,0
2017-09,IE,0
2017-10,IE,0
2017-11,IE,0
2017-12,IE,0
2018-01,IE,0
2018-02,IE,0
2018-03,IE,0
2018-04,IE,0
2018-05,IE,0
2018-06,IE,0
2018-07,IE,0
2018-08,IE,0
2018-09,IE,0
2018-10,IE,0
2018-11,IE,0
2018-12,IE,0
2019-01,IE,0
2019-02,IE,0
2019-03,IE,0
2019-04,IE,0
2019-05,IE,0
2019-06,IE,0
2019-07,IE,0
2019-08,IE,0
2019-09,IE,0
2019-10,IE,0
2019-11,IE,0
2019-12,IE,0
2020-01,IE,0
2020-02,IE,0
2020-03,IE,0
2020-04,IE,0
2020-05,IE,0
2020-06,IE,10
2020-07,IE,0
2020-08,IE,0
2020-09,IE,0
2020-10,IE,0
2020-11,IE,0
2020-12,IE,0
2021-01,IE,0
2021-02,IE,0
2021-03,IE,0
2021-04,IE,0
2021-05,IE,0
2021-06,IE,0
2021-07,IE,0
2021-08,IE,0
2021-09,IE,0
2021-10,IE,0
2021-11,IE,0
2021-12,IE,0
2022-01,IE,0
2022-02,IE,0
2022-03,IE,0
2022-04,IE,0
2022-05,IE,0
2022-06,IE,0
2022-07,IE,0
2022-08,IE,0
2022-09,IE,0
2022-10,IE,0
2022-11,IE,0
2022-12,IE,12
2023-01,IE,0
2023-02,IE,0
2023-03,IE,0
2023-04,IE,0
2023-05,IE,0
2023-06,IE,0
2023-07,IE,0
2023-08,IE,0
2023-09,IE,0
2023-10,IE,0
2023-11,IE,0
2023-12,IE,0
2024-01,IE,0
2024-02,IE,0
2024-03,IE,0
2024-04,IE,0
2024-05,IE,0
2024-06,IE,0
2024-07,IE,0
2024-08,IE,0
2024-09,IE,0
2024-10,IE,0
2024-11,IE,0
2024-12,IE,0
2025-01,IE,0
2025-02,IE,0
2025-03,IE,0
2025-04,IE,0
2025-05,IE,0
2025-06,IE,0
2025-07,IE,0
2025-08,IE,0
2025-09,IE,0
2025-10,IE,0
2025-11,IE,0
2025-12,IE,0
2026-01,IE,0
2026-02,IE,0
2026-03,IE,15
2026-04,IE,0
2026-05,IE,0
2026-06,IE,0
2026-07,IE,0
2026-08,IE,0
2014-12,IL,0
2015-01,IL,0
2015-02,IL,0
2015-03,IL,0
2015-04,IL,31
2015-05,IL,0
2015-06,IL,0
2015-07,IL,0
2015-08,IL,0
2015-09,IL,0
2015-10,IL,10
2015-11,IL,0
2015-12,IL,0
2016-01,IL,0
2016-02,IL,14
2016-03,IL,0
2016-04,IL,0
2016-05,IL,13
2016-06,IL,21
2016-07,IL,10
2016-08,IL,16
2016-09,IL,10
2016-10,IL,39
2016-11,IL,0
2016-12,IL,0
2017-01,IL,0
2017-02,IL,0
2017-03,IL,0
2017-04,IL,0
2017-05,IL,10
2017-06,IL,0
2017-07,IL,0
2017-08,IL,12
2017-09,IL,0
2017-10,IL,0
2017-11,IL,0
2017-12,IL,14
2018-01,IL,0
2018-02,IL,0
2018-03,IL,0
2018-04,IL,0
2018-05,IL,0
2018-06,IL,0
2018-07,IL,0
2018-08,IL,0
2018-09,IL,0
2018-10,IL,0
2018-11,IL,0
2018-12,IL,0
2019-01,IL,0
2019-02,IL,0
2019-03,IL,0
2019-04,IL,0
2019-05,IL,0
2019-06,IL,0
2019-07,IL,0
2019-08,IL,0
2019-09,IL,0
2019-10,IL,0
2019-11,IL,0
2019-12,IL,0
2020-01,IL,0
2020-02,IL,0
2020-03,IL,0
2020-04,IL,0
2020-05,IL,0
2020-06,IL,0
2020-07,IL,0
2020-08,IL,0
2020-09,IL,0
2020-10,IL,0
2020-11,IL,0
2020-12,IL,0
2021-01,IL,0
2021-02,IL,0
2021-03,IL,0
2021-04,IL,0
2021-05,IL,0
2021-06,IL,0
2021-07,IL,0
2021-08,IL,0
2021-09,IL,0
2021-10,IL,51
2021-11,IL,0
2021-12,IL,0
2022-01,IL,0
2022-02,IL,0
2022-03,IL,0
2022-04,IL,0
2022-05,IL,0
2022-06,IL,0
2022-07,IL,0
2022-08,IL,0
2022-09,IL,0
2022-10,IL,0
2022-11,IL,0
2022-12,IL,0
2023-01,IL,0
2023-02,IL,0
2023-03,IL,0
2023-04,IL,0
2023-05,IL,0
2023-06,IL,0
2023-07,IL,0
2023-08,IL,0
2023-09,IL,0
2023-10,IL,0
2023-11,IL,0
2023-12,IL,0
2024-01,IL,0
2024-02,IL,0
2024-03,IL,0
2024-04,IL,0
2024-05,IL,0
2024-06,IL,0
2024-07,IL,0
2024-08,IL,0
2024-09,IL,0
2024-10,IL,0
2024-11,IL,0
2024-12,IL,0
2025-01,IL,0
2025-02,IL,0
2025-03,IL,0
2025-04,IL,0
2025-05,IL,0
2025-06,IL,0
2025-07,IL,0
2025-08,IL,0
2025-09,IL,0
2025-10,IL,0
2025-11,IL,0
2025-12,IL,0
2026-01,IL,0
2026-02,IL,0
2026-03,IL,0
2026-04,IL,0
2026-05,IL,0
2026-06,IL,0
2026-07,IL,0
2026-08,IL,0
2014-12,IN,0
2015-01,IN,0
2015-02,IN,0
2015-03,IN,0
2015-04,IN,69
2015-05,IN,0
2015-06,IN,47
2015-07,IN,10
2015-08,IN,0
2015-09,IN,16
2015-10,IN,23
2015-11,IN,35
2015-12,IN,10
2016-01,IN,122
2016-02,IN,59
2016-03,IN,217
2016-04,IN,170
2016-05,IN,277
2016-06,IN,164
2016-07,IN,169
2016-08,IN,129
2016-09,IN,284
2016-10,IN,251
2016-11,IN,226
2016-12,IN,548
2017-01,IN,249
2017-02,IN,472
2017-03,IN,588
2017-04,IN,804
2017-05,IN,660
2017-06,IN,857
2017-07,IN,561
2017-08,IN,618
2017-09,IN,445
2017-10,IN,318
2017-11,IN,387
2017-12,IN,464
2018-01,IN,334
2018-02,IN,252
2018-03,IN,461
2018-04,IN,308
2018-05,IN,483
2018-06,IN,415
2018-07,IN,334
2018-08,IN,219
2018-09,IN,435
2018-10,IN,269
2018-11,IN,117
2018-12,IN,21
2019-01,IN,79
2019-02,IN,47
2019-03,IN,62
2019-04,IN,76
2019-05,IN,48
2019-06,IN,12
2019-07,IN,0
2019-08,IN,10
2019-09,IN,0
2019-10,IN,10
2019-11,IN,0
2019-12,IN,27
2020-01,IN,35
2020-02,IN,0
2020-03,IN,93
2020-04,IN,23
2020-05,IN,81
2020-06,IN,76
2020-07,IN,70
2020-08,IN,22
2020-09,IN,10
2020-10,IN,0
2020-11,IN,10
2020-12,IN,11
2021-01,IN,10
2021-02,IN,0
2021-03,IN,0
2021-04,IN,20
2021-05,IN,0
2021-06,IN,0
2021-07,IN,0
2021-08,IN,0
2021-09,IN,59
2021-10,IN,0
2021-11,IN,0
2021-12,IN,0
2022-01,IN,0
2022-02,IN,0
2022-03,IN,0
2022-04,IN,0
2022-05,IN,16
2022-06,IN,0
2022-07,IN,0
2022-08,IN,0
2022-09,IN,0
2022-10,IN,0
2022-11,IN,0
2022-12,IN,0
2023-01,IN,0
2023-02,IN,0
2023-03,IN,0
2023-04,IN,0
2023-05,IN,0
2023-06,IN,0
2023-07,IN,0
2023-08,IN,0
2023-09,IN,0
2023-10,IN,0
2023-11,IN,0
2023-12,IN,0
2024-01,IN,0
2024-02,IN,0
2024-03,IN,0
2024-04,IN,0
2024-05,IN,0
2024-06,IN,0
2024-07,IN,0
2024-08,IN,0
2024-09,IN,0
2024-10,IN,0
2024-11,IN,0
2024-12,IN,0
2025-01,IN,0
2025-02,IN,0
2025-03,IN,0
2025-04,IN,0
2025-05,IN,0
2025-06,IN,0
2025-07,IN,0
2025-08,IN,0
2025-09,IN,0
2025-10,IN,0
2025-11,IN,0
2025-12,IN,0
2026-01,IN,0
2026-02,IN,0
2026-03,IN,0
2026-04,IN,0
2026-05,IN,0
2026-06,IN,0
2026-07,IN,0
2026-08,IN,0
2014-12,IQ,0
2015-01,IQ,0
2015-02,IQ,0
2015-03,IQ,0
2015-04,IQ,0
2015-05,IQ,0
2015-06,IQ,0
2015-07,IQ,0
2015-08,IQ,0
2015-09,IQ,0
2015-10,IQ,0
2015-11,IQ,0
2015-12,IQ,0
2016-01,IQ,0
2016-02,IQ,0
2016-03,IQ,0
2016-04,IQ,0
2016-05,IQ,15
2016-06,IQ,0
2016-07,IQ,138
2016-08,IQ,10
2016-09,IQ,13
2016-10,IQ,0
2016-11,IQ,0
2016-12,IQ,0
2017-01,IQ,0
2017-02,IQ,94
2017-03,IQ,96
2017-04,IQ,0
2017-05,IQ,0
2017-06,IQ,0
2017-07,IQ,0
2017-08,IQ,0
2017-09,IQ,0
2017-10,IQ,0
2017-11,IQ,0
2017-12,IQ,11
2018-01,IQ,0
2018-02,IQ,0
2018-03,IQ,0
2018-04,IQ,0
2018-05,IQ,0
2018-06,IQ,0
2018-07,IQ,0
2018-08,IQ,0
2018-09,IQ,0
2018-10,IQ,0
2018-11,IQ,0
2018-12,IQ,0
2019-01,IQ,0
2019-02,IQ,0
2019-03,IQ,0
2019-04,IQ,0
2019-05,IQ,0
2019-06,IQ,0
2019-07,IQ,0
2019-08,IQ,0
2019-09,IQ,0
2019-10,IQ,0
2019-11,IQ,0
2019-12,IQ,0
2020-01,IQ,0
2020-02,IQ,0
2020-03,IQ,0
2020-04,IQ,0
2020-05,IQ,0
2020-06,IQ,0
2020-07,IQ,0
2020-08,IQ,0
2020-09,IQ,0
2020-10,IQ,0
2020-11,IQ,0
2020-12,IQ,0
2021-01,IQ,0
2021-02,IQ,0
2021-03,IQ,0
2021-04,IQ,0
2021-05,IQ,0
2021-06,IQ,0
2021-07,IQ,12
2021-08,IQ,0
2021-09,IQ,0
2021-10,IQ,0
2021-11,IQ,0
2021-12,IQ,0
2022-01,IQ,0
2022-02,IQ,0
2022-03,IQ,0
2022-04,IQ,0
2022-05,IQ,0
2022-06,IQ,0
2022-07,IQ,0
2022-08,IQ,0
2022-09,IQ,0
2022-10,IQ,0
2022-11,IQ,0
2022-12,IQ,0
2023-01,IQ,0
2023-02,IQ,0
2023-03,IQ,0
2023-04,IQ,0
2023-05,IQ,0
2023-06,IQ,0
2023-07,IQ,0
2023-08,IQ,0
2023-09,IQ,0
2023-10,IQ,0
2023-11,IQ,0
2023-12,IQ,0
2024-01,IQ,0
2024-02,IQ,0
2024-03,IQ,0
2024-04,IQ,0
2024-05,IQ,0
2024-06,IQ,0
2024-07,IQ,0
2024-08,IQ,0
2024-09,IQ,0
2024-10,IQ,0
2024-11,IQ,0
2024-12,IQ,0
2025-01,IQ,0
2025-02,IQ,0
2025-03,IQ,0
2025-04,IQ,0
2025-05,IQ,0
2025-06,IQ,0
2025-07,IQ,0
2025-08,IQ,0
2025-09,IQ,0
2025-10,IQ,0
2025-11,IQ,0
2025-12,IQ,0
2026-01,IQ,0
2026-02,IQ,0
2026-03,IQ,0
2026-04,IQ,0
2026-05,IQ,0
2026-06,IQ,0
2026-07,IQ,0
2026-08,IQ,0
2014-12,IT,0
2015-01,IT,0
2015-02,IT,0
2015-03,IT,150
2015-04,IT,217
2015-05,IT,283
2015-06,IT,257
2015-07,IT,101
2015-08,IT,31
2015-09,IT,121
2015-10,IT,123
2015-11,IT,111
2015-12,IT,96
2016-01,IT,309
2016-02,IT,160
2016-03,IT,249
2016-04,IT,79
2016-05,IT,113
2016-06,IT,37
2016-07,IT,130
2016-08,IT,23
2016-09,IT,88
2016-10,IT,63
2016-11,IT,227
2016-12,IT,241
2017-01,IT,347
2017-02,IT,149
2017-03,IT,84
2017-04,IT,119
2017-05,IT,49
2017-06,IT,138
2017-07,IT,91
2017-08,IT,77
2017-09,IT,75
2017-10,IT,56
2017-11,IT,28
2017-12,IT,22
2018-01,IT,22
2018-02,IT,20
2018-03,IT,41
2018-04,IT,13
2018-05,IT,14
2018-06,IT,35
2018-07,IT,15
2018-08,IT,0
2018-09,IT,0
2018-10,IT,22
2018-11,IT,19
2018-12,IT,21
2019-01,IT,10
2019-02,IT,0
2019-03,IT,0
2019-04,IT,0
2019-05,IT,0
2019-06,IT,0
2019-07,IT,0
2019-08,IT,0
2019-09,IT,0
2019-10,IT,0
2019-11,IT,0
2019-12,IT,16
2020-01,IT,0
2020-02,IT,0
2020-03,IT,0
2020-04,IT,0
2020-05,IT,0
2020-06,IT,0
2020-07,IT,0
2020-08,IT,0
2020-09,IT,0
2020-10,IT,0
2020-11,IT,0
2020-12,IT,13
2021-01,IT,0
2021-02,IT,0
2021-03,IT,0
2021-04,IT,0
2021-05,IT,0
2021-06,IT,0
2021-07,IT,0
2021-08,IT,0
2021-09,IT,12
2021-10,IT,11
2021-11,IT,0
2021-12,IT,0
2022-01,IT,0
2022-02,IT,0
2022-03,IT,13
2022-04,IT,0
2022-05,IT,0
2022-06,IT,0
2022-07,IT,0
2022-08,IT,0
2022-09,IT,0
2022-10,IT,0
2022-11,IT,0
2022-12,IT,0
2023-01,IT,10
2023-02,IT,0
2023-03,IT,0
2023-04,IT,0
2023-05,IT,0
2023-06,IT,10
2023-07,IT,0
2023-08,IT,0
2023-09,IT,0
2023-10,IT,0
2023-11,IT,0
2023-12,IT,0
2024-01,IT,0
2024-02,IT,0
2024-03,IT,0
2024-04,IT,0
2024-05,IT,0
2024-06,IT,0
2024-07,IT,0
2024-08,IT,0
2024-09,IT,0
2024-10,IT,0
2024-11,IT,0
2024-12,IT,0
2025-01,IT,0
2025-02,IT,0
2025-03,IT,0
2025-04,IT,0
2025-05,IT,0
2025-06,IT,0
2025-07,IT,0
2025-08,IT,0
2025-09,IT,0
2025-10,IT,0
2025-11,IT,0
2025-12,IT,0
2026-01,IT,0
2026-02,IT,0
2026-03,IT,0
2026-04,IT,0
2026-05,IT,0
2026-06,IT,0
2026-07,IT,0
2026-08,IT,0
2014-12,JO,0
2015-01,JO,0
2015-02,JO,0
2015-03,JO,0
2015-04,JO,0
2015-05,JO,0
2015-06,JO,0
2015-07,JO,0
2015-08,JO,0
2015-09,JO,0
2015-10,JO,0
2015-11,JO,0
2015-12,JO,0
2016-01,JO,0
2016-02,JO,10
2016-03,JO,0
2016-04,JO,24
2016-05,JO,0
2016-06,JO,0
2016-07,JO,0
2016-08,JO,0
2016-09,JO,0
2016-10,JO,0
2016-11,JO,0
2016-12,JO,0
2017-01,JO,0
2017-02,JO,0
2017-03,JO,0
2017-04,JO,0
2017-05,JO,0
2017-06,JO,0
2017-07,JO,0
2017-08,JO,0
2017-09,JO,0
2017-10,JO,0
2017-11,JO,0
2017-12,JO,0
2018-01,JO,0
2018-02,JO,0
2018-03,JO,0
2018-04,JO,0
2018-05,JO,0
2018-06,JO,0
2018-07,JO,0
2018-08,JO,0
2018-09,JO,0
2018-10,JO,0
2018-11,JO,0
2018-12,JO,0
2019-01,JO,0
2019-02,JO,0
2019-03,JO,0
2019-04,JO,0
2019-05,JO,0
2019-06,JO,0
2019-07,JO,0
2019-08,JO,0
2019-09,JO,0
2019-10,JO,0
2019-11,JO,0
2019-12,JO,0
2020-01,JO,0
2020-02,JO,0
2020-03,JO,0
2020-04,JO,0
2020-05,JO,0
2020-06,JO,0
2020-07,JO,0
2020-08,JO,0
2020-09,JO,0
2020-10,JO,0
2020-11,JO,0
2020-12,JO,0
2021-01,JO,0
2021-02,JO,0
2021-03,JO,0
2021-04,JO,0
2021-05,JO,0
2021-06,JO,0
2021-07,JO,0
2021-08,JO,0
2021-09,JO,0
2021-10,JO,0
2021-11,JO,0
2021-12,JO,0
2022-01,JO,0
2022-02,JO,0
2022-03,JO,0
2022-04,JO,0
2022-05,JO,0
2022-06,JO,0
2022-07,JO,0
2022-08,JO,0
2022-09,JO,0
2022-10,JO,0
2022-11,JO,0
2022-12,JO,0
2023-01,JO,0
2023-02,JO,0
2023-03,JO,0
2023-04,JO,0
2023-05,JO,0
2023-06,JO,0
2023-07,JO,0
2023-08,JO,0
2023-09,JO,0
2023-10,JO,0
2023-11,JO,0
2023-12,JO,0
2024-01,JO,0
2024-02,JO,0
2024-03,JO,0
2024-04,JO,0
2024-05,JO,0
2024-06,JO,0
2024-07,JO,0
2024-08,JO,0
2024-09,JO,0
2024-10,JO,0
2024-11,JO,0
2024-12,JO,0
2025-01,JO,0
2025-02,JO,0
2025-03,JO,0
2025-04,JO,0
2025-05,JO,0
2025-06,JO,0
2025-07,JO,0
2025-08,JO,0
2025-09,JO,0
2025-10,JO,0
2025-11,JO,0
2025-12,JO,0
2026-01,JO,0
2026-02,JO,0
2026-03,JO,0
2026-04,JO,0
2026-05,JO,0
2026-06,JO,0
2026-07,JO,0
2026-08,JO,0
2014-12,JP,0
2015-01,JP,82
2015-02,JP,356
2015-03,JP,7204
2015-04,JP,16019
2015-05,JP,12472
2015-06,JP,17885
2015-07,JP,18589
2015-08,JP,11976
2015-09,JP,9853
2015-10,JP,10213
2015-11,JP,11060
2015-12,JP,14154
2016-01,JP,15532
2016-02,JP,18317
2016-03,JP,16899
2016-04,JP,12817
2016-05,JP,12936
2016-06,JP,11595
2016-07,JP,12674
2016-08,JP,14397
2016-09,JP,10397
2016-10,JP,9183
2016-11,JP,8869
2016-12,JP,7692
2017-01,JP,7177
2017-02,JP,7780
2017-03,JP,7691
2017-04,JP,7924
2017-05,JP,12420
2017-06,JP,13678
2017-07,JP,12371
2017-08,JP,10989
2017-09,JP,7731
2017-10,JP,5854
2017-11,JP,5842
2017-12,JP,6234
2018-01,JP,5384
2018-02,JP,6280
2018-03,JP,7641
2018-04,JP,7668
2018-05,JP,6425
2018-06,JP,7139
2018-07,JP,6715
2018-08,JP,6951
2018-09,JP,7414
2018-10,JP,7984
2018-11,JP,4641
2018-12,JP,5739
2019-01,JP,6340
2019-02,JP,6394
2019-03,JP,6229
2019-04,JP,5519
2019-05,JP,6771
2019-06,JP,4984
2019-07,JP,4024
2019-08,JP,4035
2019-09,JP,6264
2019-10,JP,6236
2019-11,JP,4957
2019-12,JP,5717
2020-01,JP,4344
2020-02,JP,3143
2020-03,JP,4646
2020-04,JP,5285
2020-05,JP,4954
2020-06,JP,3856
2020-07,JP,3484
2020-08,JP,3564
2020-09,JP,3086
2020-10,JP,3394
2020-11,JP,2764
2020-12,JP,4006
2021-01,JP,3729
2021-02,JP,3768
2021-03,JP,3297
2021-04,JP,2500
2021-05,JP,2761
2021-06,JP,3018
2021-07,JP,4226
2021-08,JP,4299
2021-09,JP,3612
2021-10,JP,3455
2021-11,JP,2995
2021-12,JP,3473
2022-01,JP,3444
2022-02,JP,5637
2022-03,JP,9171
2022-04,JP,7894
2022-05,JP,8781
2022-06,JP,8961
2022-07,JP,8998
2022-08,JP,10640
2022-09,JP,11132
2022-10,JP,11478
2022-11,JP,12038
2022-12,JP,12379
2023-01,JP,11426
2023-02,JP,10076
2023-03,JP,11099
2023-04,JP,8415
2023-05,JP,7470
2023-06,JP,9874
2023-07,JP,11201
2023-08,JP,15594
2023-09,JP,6302
2023-10,JP,6219
2023-11,JP,8187
2023-12,JP,10241
2024-01,JP,11115
2024-02,JP,10778
2024-03,JP,9285
2024-04,JP,7820
2024-05,JP,9537
2024-06,JP,7724
2024-07,JP,9812
2024-08,JP,10488
2024-09,JP,7695
2024-10,JP,7074
2024-11,JP,6631
2024-12,JP,7573
2025-01,JP,6280
2025-02,JP,5507
2025-03,JP,5131
2025-04,JP,5125
2025-05,JP,6309
2025-06,JP,6067
2025-07,JP,6168
2025-08,JP,6864
2025-09,JP,5428
2025-10,JP,11615
2025-11,JP,6635
2025-12,JP,5342
2026-01,JP,4141
2026-02,JP,5287
2026-03,JP,5467
2026-04,JP,4880
2026-05,JP,5590
2026-06,JP,4671
2026-07,JP,4932
2026-08,JP,1605
2014-12,KG,0
2015-01,KG,0
2015-02,KG,0
2015-03,KG,0
2015-04,KG,0
2015-05,KG,0
2015-06,KG,0
2015-07,KG,0
2015-08,KG,0
2015-09,KG,0
2015-10,KG,0
2015-11,KG,0
2015-12,KG,0
2016-01,KG,0
2016-02,KG,0
2016-03,KG,0
2016-04,KG,0
2016-05,KG,0
2016-06,KG,0
2016-07,KG,0
2016-08,KG,0
2016-09,KG,0
2016-10,KG,0
2016-11,KG,0
2016-12,KG,0
2017-01,KG,0
2017-02,KG,12
2017-03,KG,0
2017-04,KG,0
2017-05,KG,0
2017-06,KG,0
2017-07,KG,0
2017-08,KG,0
2017-09,KG,0
2017-10,KG,0
2017-11,KG,0
2017-12,KG,0
2018-01,KG,0
2018-02,KG,0
2018-03,KG,21
2018-04,KG,0
2018-05,KG,0
2018-06,KG,0
2018-07,KG,0
2018-08,KG,0
2018-09,KG,0
2018-10,KG,0
2018-11,KG,0
2018-12,KG,0
2019-01,KG,0
2019-02,KG,0
2019-03,KG,0
2019-04,KG,0
2019-05,KG,0
2019-06,KG,0
2019-07,KG,0
2019-08,KG,0
2019-09,KG,0
2019-10,KG,0
2019-11,KG,0
2019-12,KG,0
2020-01,KG,0
2020-02,KG,0
2020-03,KG,0
2020-04,KG,0
2020-05,KG,0
2020-06,KG,0
2020-07,KG,0
2020-08,KG,0
2020-09,KG,0
2020-10,KG,0
2020-11,KG,0
2020-12,KG,0
2021-01,KG,0
2021-02,KG,0
2021-03,KG,0
2021-04,KG,0
2021-05,KG,0
2021-06,KG,0
2021-07,KG,0
2021-08,KG,0
2021-09,KG,0
2021-10,KG,0
2021-11,KG,0
2021-12,KG,0
2022-01,KG,0
2022-02,KG,0
2022-03,KG,0
2022-04,KG,0
2022-05,KG,0
2022-06,KG,0
2022-07,KG,0
2022-08,KG,0
2022-09,KG,0
2022-10,KG,0
2022-11,KG,0
2022-12,KG,0
2023-01,KG,0
2023-02,KG,0
2023-03,KG,0
2023-04,KG,0
2023-05,KG,0
2023-06,KG,0
2023-07,KG,0
2023-08,KG,0
2023-09,KG,0
2023-10,KG,0
2023-11,KG,0
2023-12,KG,0
2024-01,KG,0
2024-02,KG,0
2024-03,KG,0
2024-04,KG,0
2024-05,KG,0
2024-06,KG,0
2024-07,KG,0
2024-08,KG,0
2024-09,KG,0
2024-10,KG,0
2024-11,KG,0
2024-12,KG,0
2025-01,KG,0
2025-02,KG,0
2025-03,KG,0
2025-04,KG,0
2025-05,KG,0
2025-06,KG,0
2025-07,KG,0
2025-08,KG,0
2025-09,KG,0
2025-10,KG,0
2025-11,KG,0
2025-12,KG,0
2026-01,KG,0
2026-02,KG,0
2026-03,KG,0
2026-04,KG,0
2026-05,KG,0
2026-06,KG,0
2026-07,KG,0
2026-08,KG,0
2014-12,KH,0
2015-01,KH,0
2015-02,KH,0
2015-03,KH,11
2015-04,KH,11
2015-05,KH,10
2015-06,KH,0
2015-07,KH,0
2015-08,KH,0
2015-09,KH,0
2015-10,KH,0
2015-11,KH,0
2015-12,KH,0
2016-01,KH,0
2016-02,KH,0
2016-03,KH,10
2016-04,KH,0
2016-05,KH,0
2016-06,KH,0
2016-07,KH,0
2016-08,KH,0
2016-09,KH,0
2016-10,KH,0
2016-11,KH,0
2016-12,KH,15
2017-01,KH,0
2017-02,KH,0
2017-03,KH,0
2017-04,KH,0
2017-05,KH,121
2017-06,KH,0
2017-07,KH,0
2017-08,KH,0
2017-09,KH,0
2017-10,KH,0
2017-11,KH,0
2017-12,KH,0
2018-01,KH,0
2018-02,KH,0
2018-03,KH,0
2018-04,KH,0
2018-05,KH,0
2018-06,KH,13
2018-07,KH,0
2018-08,KH,0
2018-09,KH,0
2018-10,KH,0
2018-11,KH,0
2018-12,KH,0
2019-01,KH,0
2019-02,KH,0
2019-03,KH,0
2019-04,KH,0
2019-05,KH,25
2019-06,KH,0
2019-07,KH,15
2019-08,KH,0
2019-09,KH,18
2019-10,KH,11
2019-11,KH,0
2019-12,KH,10
2020-01,KH,0
2020-02,KH,0
2020-03,KH,0
2020-04,KH,0
2020-05,KH,0
2020-06,KH,0
2020-07,KH,0
2020-08,KH,0
2020-09,KH,0
2020-10,KH,0
2020-11,KH,0
2020-12,KH,15
2021-01,KH,0
2021-02,KH,0
2021-03,KH,0
2021-04,KH,0
2021-05,KH,0
2021-06,KH,0
2021-07,KH,0
2021-08,KH,0
2021-09,KH,0
2021-10,KH,25
2021-11,KH,0
2021-12,KH,0
2022-01,KH,0
2022-02,KH,0
2022-03,KH,0
2022-04,KH,0
2022-05,KH,0
2022-06,KH,0
2022-07,KH,0
2022-08,KH,0
2022-09,KH,0
2022-10,KH,0
2022-11,KH,0
2022-12,KH,12
2023-01,KH,0
2023-02,KH,0
2023-03,KH,0
2023-04,KH,0
2023-05,KH,0
2023-06,KH,0
2023-07,KH,0
2023-08,KH,0
2023-09,KH,0
2023-10,KH,0
2023-11,KH,0
2023-12,KH,0
2024-01,KH,0
2024-02,KH,26
2024-03,KH,0
2024-04,KH,0
2024-05,KH,0
2024-06,KH,0
2024-07,KH,0
2024-08,KH,0
2024-09,KH,0
2024-10,KH,0
2024-11,KH,0
2024-12,KH,0
2025-01,KH,0
2025-02,KH,10
2025-03,KH,0
2025-04,KH,0
2025-05,KH,0
2025-06,KH,0
2025-07,KH,0
2025-08,KH,0
2025-09,KH,0
2025-10,KH,0
2025-11,KH,0
2025-12,KH,0
2026-01,KH,0
2026-02,KH,0
2026-03,KH,0
2026-04,KH,0
2026-05,KH,0
2026-06,KH,12
2026-07,KH,0
2026-08,KH,0
2014-12,KR,0
2015-01,KR,12
2015-02,KR,415
2015-03,KR,2590
2015-04,KR,3198
2015-05,KR,1728
2015-06,KR,2294
2015-07,KR,1403
2015-08,KR,1509
2015-09,KR,1462
2015-10,KR,1803
2015-11,KR,1928
2015-12,KR,1867
2016-01,KR,2655
2016-02,KR,2822
2016-03,KR,3228
2016-04,KR,3086
2016-05,KR,2305
2016-06,KR,3338
2016-07,KR,4082
2016-08,KR,3545
2016-09,KR,3497
2016-10,KR,4050
2016-11,KR,3333
2016-12,KR,3557
2017-01,KR,3421
2017-02,KR,3501
2017-03,KR,3129
2017-04,KR,3846
2017-05,KR,4687
2017-06,KR,4922
2017-07,KR,4346
2017-08,KR,4172
2017-09,KR,2852
2017-10,KR,2070
2017-11,KR,2661
2017-12,KR,4550
2018-01,KR,4796
2018-02,KR,3855
2018-03,KR,3602
2018-04,KR,3084
2018-05,KR,3441
2018-06,KR,3487
2018-07,KR,3694
2018-08,KR,2689
2018-09,KR,2841
2018-10,KR,3230
2018-11,KR,2257
2018-12,KR,1754
2019-01,KR,1857
2019-02,KR,2050
2019-03,KR,1772
2019-04,KR,1757
2019-05,KR,2099
2019-06,KR,1762
2019-07,KR,1251
2019-08,KR,912
2019-09,KR,814
2019-10,KR,1252
2019-11,KR,995
2019-12,KR,1208
2020-01,KR,1031
2020-02,KR,1165
2020-03,KR,1446
2020-04,KR,1740
2020-05,KR,1368
2020-06,KR,875
2020-07,KR,1105
2020-08,KR,988
2020-09,KR,1474
2020-10,KR,1177
2020-11,KR,1028
2020-12,KR,1345
2021-01,KR,1420
2021-02,KR,1612
2021-03,KR,1046
2021-04,KR,818
2021-05,KR,1258
2021-06,KR,1109
2021-07,KR,1523
2021-08,KR,1707
2021-09,KR,1162
2021-10,KR,1155
2021-11,KR,774
2021-12,KR,798
2022-01,KR,1193
2022-02,KR,1493
2022-03,KR,1621
2022-04,KR,1272
2022-05,KR,1363
2022-06,KR,1228
2022-07,KR,1589
2022-08,KR,2022
2022-09,KR,2298
2022-10,KR,1939
2022-11,KR,1615
2022-12,KR,1799
2023-01,KR,2386
2023-02,KR,1789
2023-03,KR,1674
2023-04,KR,1933
2023-05,KR,1523
2023-06,KR,1675
2023-07,KR,2312
2023-08,KR,2300
2023-09,KR,600
2023-10,KR,820
2023-11,KR,1216
2023-12,KR,1870
2024-01,KR,2493
2024-02,KR,2173
2024-03,KR,1655
2024-04,KR,1748
2024-05,KR,1843
2024-06,KR,1657
2024-07,KR,994
2024-08,KR,1254
2024-09,KR,1167
2024-10,KR,985
2024-11,KR,787
2024-12,KR,1306
2025-01,KR,968
2025-02,KR,888
2025-03,KR,876
2025-04,KR,767
2025-05,KR,1247
2025-06,KR,616
2025-07,KR,410
2025-08,KR,282
2025-09,KR,280
2025-10,KR,687
2025-11,KR,352
2025-12,KR,318
2026-01,KR,323
2026-02,KR,590
2026-03,KR,487
2026-04,KR,449
2026-05,KR,777
2026-06,KR,624
2026-07,KR,487
2026-08,KR,179
2014-12,KW,0
2015-01,KW,0
2015-02,KW,0
2015-03,KW,0
2015-04,KW,0
2015-05,KW,0
2015-06,KW,15
2015-07,KW,0
2015-08,KW,54
2015-09,KW,14
2015-10,KW,0
2015-11,KW,0
2015-12,KW,24
2016-01,KW,0
2016-02,KW,10
2016-03,KW,0
2016-04,KW,12
2016-05,KW,10
2016-06,KW,26
2016-07,KW,0
2016-08,KW,22
2016-09,KW,0
2016-10,KW,0
2016-11,KW,0
2016-12,KW,0
2017-01,KW,99
2017-02,KW,0
2017-03,KW,0
2017-04,KW,0
2017-05,KW,0
2017-06,KW,0
2017-07,KW,54
2017-08,KW,0
2017-09,KW,0
2017-10,KW,0
2017-11,KW,0
2017-12,KW,0
2018-01,KW,0
2018-02,KW,0
2018-03,KW,0
2018-04,KW,0
2018-05,KW,0
2018-06,KW,0
2018-07,KW,0
2018-08,KW,0
2018-09,KW,0
2018-10,KW,0
2018-11,KW,0
2018-12,KW,0
2019-01,KW,0
2019-02,KW,0
2019-03,KW,11
2019-04,KW,0
2019-05,KW,0
2019-06,KW,0
2019-07,KW,0
2019-08,KW,0
2019-09,KW,0
2019-10,KW,0
2019-11,KW,0
2019-12,KW,0
2020-01,KW,0
2020-02,KW,0
2020-03,KW,0
2020-04,KW,0
2020-05,KW,0
2020-06,KW,0
2020-07,KW,0
2020-08,KW,0
2020-09,KW,0
2020-10,KW,0
2020-11,KW,0
2020-12,KW,0
2021-01,KW,0
2021-02,KW,0
2021-03,KW,0
2021-04,KW,0
2021-05,KW,0
2021-06,KW,0
2021-07,KW,0
2021-08,KW,0
2021-09,KW,0
2021-10,KW,0
2021-11,KW,0
2021-12,KW,0
2022-01,KW,0
2022-02,KW,0
2022-03,KW,0
2022-04,KW,0
2022-05,KW,0
2022-06,KW,0
2022-07,KW,0
2022-08,KW,0
2022-09,KW,0
2022-10,KW,0
2022-11,KW,0
2022-12,KW,0
2023-01,KW,0
2023-02,KW,0
2023-03,KW,0
2023-04,KW,0
2023-05,KW,0
2023-06,KW,0
2023-07,KW,0
2023-08,KW,0
2023-09,KW,0
2023-10,KW,0
2023-11,KW,0
2023-12,KW,0
2024-01,KW,0
2024-02,KW,0
2024-03,KW,0
2024-04,KW,0
2024-05,KW,0
2024-06,KW,0
2024-07,KW,0
2024-08,KW,0
2024-09,KW,0
2024-10,KW,0
2024-11,KW,0
2024-12,KW,0
2025-01,KW,0
2025-02,KW,0
2025-03,KW,0
2025-04,KW,0
2025-05,KW,0
2025-06,KW,0
2025-07,KW,0
2025-08,KW,0
2025-09,KW,0
2025-10,KW,0
2025-11,KW,0
2025-12,KW,0
2026-01,KW,0
2026-02,KW,0
2026-03,KW,0
2026-04,KW,0
2026-05,KW,0
2026-06,KW,0
2026-07,KW,0
2026-08,KW,0
2014-12,KZ,0
2015-01,KZ,0
2015-02,KZ,0
2015-03,KZ,100
2015-04,KZ,69
2015-05,KZ,10
2015-06,KZ,0
2015-07,KZ,0
2015-08,KZ,0
2015-09,KZ,0
2015-10,KZ,0
2015-11,KZ,0
2015-12,KZ,0
2016-01,KZ,0
2016-02,KZ,0
2016-03,KZ,0
2016-04,KZ,0
2016-05,KZ,0
2016-06,KZ,0
2016-07,KZ,0
2016-08,KZ,0
2016-09,KZ,0
2016-10,KZ,0
2016-11,KZ,0
2016-12,KZ,0
2017-01,KZ,0
2017-02,KZ,0
2017-03,KZ,11
2017-04,KZ,0
2017-05,KZ,0
2017-06,KZ,18
2017-07,KZ,0
2017-08,KZ,0
2017-09,KZ,0
2017-10,KZ,0
2017-11,KZ,0
2017-12,KZ,0
2018-01,KZ,0
2018-02,KZ,0
2018-03,KZ,0
2018-04,KZ,0
2018-05,KZ,22
2018-06,KZ,0
2018-07,KZ,0
2018-08,KZ,0
2018-09,KZ,0
2018-10,KZ,0
2018-11,KZ,0
2018-12,KZ,0
2019-01,KZ,0
2019-02,KZ,0
2019-03,KZ,10
2019-04,KZ,0
2019-05,KZ,0
2019-06,KZ,0
2019-07,KZ,0
2019-08,KZ,0
2019-09,KZ,0
2019-10,KZ,23
2019-11,KZ,0
2019-12,KZ,0
2020-01,KZ,0
2020-02,KZ,0
2020-03,KZ,0
2020-04,KZ,11
2020-05,KZ,0
2020-06,KZ,0
2020-07,KZ,0
2020-08,KZ,0
2020-09,KZ,0
2020-10,KZ,0
2020-11,KZ,0
2020-12,KZ,0
2021-01,KZ,0
2021-02,KZ,0
2021-03,KZ,0
2021-04,KZ,0
2021-05,KZ,0
2021-06,KZ,0
2021-07,KZ,0
2021-08,KZ,0
2021-09,KZ,0
2021-10,KZ,0
2021-11,KZ,0
2021-12,KZ,0
2022-01,KZ,0
2022-02,KZ,0
2022-03,KZ,0
2022-04,KZ,0
2022-05,KZ,0
2022-06,KZ,0
2022-07,KZ,0
2022-08,KZ,0
2022-09,KZ,0
2022-10,KZ,0
2022-11,KZ,0
2022-12,KZ,0
2023-01,KZ,0
2023-02,KZ,10
2023-03,KZ,0
2023-04,KZ,0
2023-05,KZ,0
2023-06,KZ,0
2023-07,KZ,0
2023-08,KZ,0
2023-09,KZ,0
2023-10,KZ,0
2023-11,KZ,0
2023-12,KZ,0
2024-01,KZ,0
2024-02,KZ,0
2024-03,KZ,0
2024-04,KZ,0
2024-05,KZ,0
2024-06,KZ,0
2024-07,KZ,0
2024-08,KZ,0
2024-09,KZ,0
2024-10,KZ,0
2024-11,KZ,0
2024-12,KZ,0
2025-01,KZ,0
2025-02,KZ,0
2025-03,KZ,0
2025-04,KZ,0
2025-05,KZ,0
2025-06,KZ,0
2025-07,KZ,0
2025-08,KZ,0
2025-09,KZ,11
2025-10,KZ,0
2025-11,KZ,0
2025-12,KZ,0
2026-01,KZ,0
2026-02,KZ,0
2026-03,KZ,0
2026-04,KZ,0
2026-05,KZ,0
2026-06,KZ,0
2026-07,KZ,0
2026-08,KZ,0
2014-12,LA,0
2015-01,LA,0
2015-02,LA,0
2015-03,LA,0
2015-04,LA,0
2015-05,LA,0
2015-06,LA,0
2015-07,LA,0
2015-08,LA,0
2015-09,LA,0
2015-10,LA,0
2015-11,LA,0
2015-12,LA,0
2016-01,LA,0
2016-02,LA,0
2016-03,LA,0
2016-04,LA,0
2016-05,LA,0
2016-06,LA,0
2016-07,LA,13
2016-08,LA,0
2016-09,LA,0
2016-10,LA,0
2016-11,LA,0
2016-12,LA,0
2017-01,LA,10
2017-02,LA,10
2017-03,LA,0
2017-04,LA,0
2017-05,LA,12
2017-06,LA,0
2017-07,LA,0
2017-08,LA,0
2017-09,LA,0
2017-10,LA,0
2017-11,LA,0
2017-12,LA,0
2018-01,LA,0
2018-02,LA,0
2018-03,LA,0
2018-04,LA,0
2018-05,LA,53
2018-06,LA,37
2018-07,LA,0
2018-08,LA,0
2018-09,LA,0
2018-10,LA,0
2018-11,LA,0
2018-12,LA,25
2019-01,LA,0
2019-02,LA,0
2019-03,LA,0
2019-04,LA,10
2019-05,LA,29
2019-06,LA,34
2019-07,LA,28
2019-08,LA,0
2019-09,LA,0
2019-10,LA,0
2019-11,LA,0
2019-12,LA,0
2020-01,LA,0
2020-02,LA,0
2020-03,LA,0
2020-04,LA,0
2020-05,LA,0
2020-06,LA,0
2020-07,LA,0
2020-08,LA,0
2020-09,LA,0
2020-10,LA,0
2020-11,LA,0
2020-12,LA,0
2021-01,LA,0
2021-02,LA,0
2021-03,LA,0
2021-04,LA,0
2021-05,LA,0
2021-06,LA,0
2021-07,LA,0
2021-08,LA,0
2021-09,LA,0
2021-10,LA,0
2021-11,LA,0
2021-12,LA,0
2022-01,LA,0
2022-02,LA,0
2022-03,LA,0
2022-04,LA,0
2022-05,LA,0
2022-06,LA,0
2022-07,LA,0
2022-08,LA,0
2022-09,LA,0
2022-10,LA,0
2022-11,LA,0
2022-12,LA,0
2023-01,LA,0
2023-02,LA,0
2023-03,LA,0
2023-04,LA,0
2023-05,LA,0
2023-06,LA,0
2023-07,LA,0
2023-08,LA,0
2023-09,LA,0
2023-10,LA,0
2023-11,LA,0
2023-12,LA,0
2024-01,LA,0
2024-02,LA,0
2024-03,LA,0
2024-04,LA,0
2024-05,LA,0
2024-06,LA,0
2024-07,LA,0
2024-08,LA,0
2024-09,LA,0
2024-10,LA,0
2024-11,LA,0
2024-12,LA,0
2025-01,LA,0
2025-02,LA,0
2025-03,LA,0
2025-04,LA,10
2025-05,LA,0
2025-06,LA,0
2025-07,LA,0
2025-08,LA,0
2025-09,LA,0
2025-10,LA,0
2025-11,LA,0
2025-12,LA,0
2026-01,LA,0
2026-02,LA,0
2026-03,LA,0
2026-04,LA,0
2026-05,LA,0
2026-06,LA,0
2026-07,LA,0
2026-08,LA,0
2014-12,LU,0
2015-01,LU,0
2015-02,LU,0
2015-03,LU,0
2015-04,LU,0
2015-05,LU,0
2015-06,LU,0
2015-07,LU,0
2015-08,LU,0
2015-09,LU,0
2015-10,LU,0
2015-11,LU,0
2015-12,LU,0
2016-01,LU,0
2016-02,LU,0
2016-03,LU,0
2016-04,LU,0
2016-05,LU,0
2016-06,LU,0
2016-07,LU,0
2016-08,LU,0
2016-09,LU,0
2016-10,LU,0
2016-11,LU,0
2016-12,LU,0
2017-01,LU,0
2017-02,LU,0
2017-03,LU,0
2017-04,LU,0
2017-05,LU,0
2017-06,LU,0
2017-07,LU,0
2017-08,LU,0
2017-09,LU,0
2017-10,LU,0
2017-11,LU,0
2017-12,LU,0
2018-01,LU,0
2018-02,LU,10
2018-03,LU,0
2018-04,LU,0
2018-05,LU,0
2018-06,LU,0
2018-07,LU,0
2018-08,LU,0
2018-09,LU,0
2018-10,LU,0
2018-11,LU,0
2018-12,LU,0
2019-01,LU,0
2019-02,LU,0
2019-03,LU,0
2019-04,LU,0
2019-05,LU,0
2019-06,LU,0
2019-07,LU,0
2019-08,LU,0
2019-09,LU,0
2019-10,LU,0
2019-11,LU,0
2019-12,LU,0
2020-01,LU,0
2020-02,LU,0
2020-03,LU,0
2020-04,LU,0
2020-05,LU,0
2020-06,LU,0
2020-07,LU,0
2020-08,LU,0
2020-09,LU,0
2020-10,LU,0
2020-11,LU,0
2020-12,LU,0
2021-01,LU,0
2021-02,LU,0
2021-03,LU,0
2021-04,LU,0
2021-05,LU,0
2021-06,LU,0
2021-07,LU,0
2021-08,LU,0
2021-09,LU,0
2021-10,LU,0
2021-11,LU,0
2021-12,LU,0
2022-01,LU,0
2022-02,LU,0
2022-03,LU,0
2022-04,LU,0
2022-05,LU,0
2022-06,LU,0
2022-07,LU,0
2022-08,LU,0
2022-09,LU,0
2022-10,LU,0
2022-11,LU,0
2022-12,LU,0
2023-01,LU,0
2023-02,LU,0
2023-03,LU,0
2023-04,LU,0
2023-05,LU,0
2023-06,LU,0
2023-07,LU,0
2023-08,LU,0
2023-09,LU,0
2023-10,LU,0
2023-11,LU,0
2023-12,LU,0
2024-01,LU,0
2024-02,LU,0
2024-03,LU,0
2024-04,LU,0
2024-05,LU,0
2024-06,LU,0
2024-07,LU,0
2024-08,LU,0
2024-09,LU,0
2024-10,LU,0
2024-11,LU,0
2024-12,LU,0
2025-01,LU,0
2025-02,LU,0
2025-03,LU,0
2025-04,LU,0
2025-05,LU,0
2025-06,LU,0
2025-07,LU,0
2025-08,LU,0
2025-09,LU,0
2025-10,LU,0
2025-11,LU,0
2025-12,LU,0
2026-01,LU,0
2026-02,LU,0
2026-03,LU,0
2026-04,LU,0
2026-05,LU,0
2026-06,LU,0
2026-07,LU,0
2026-08,LU,0
2014-12,LV,0
2015-01,LV,0
2015-02,LV,0
2015-03,LV,0
2015-04,LV,0
2015-05,LV,0
2015-06,LV,0
2015-07,LV,10
2015-08,LV,0
2015-09,LV,0
2015-10,LV,0
2015-11,LV,0
2015-12,LV,0
2016-01,LV,0
2016-02,LV,0
2016-03,LV,12
2016-04,LV,0
2016-05,LV,0
2016-06,LV,0
2016-07,LV,0
2016-08,LV,12
2016-09,LV,0
2016-10,LV,0
2016-11,LV,0
2016-12,LV,0
2017-01,LV,0
2017-02,LV,0
2017-03,LV,0
2017-04,LV,0
2017-05,LV,0
2017-06,LV,0
2017-07,LV,0
2017-08,LV,0
2017-09,LV,0
2017-10,LV,0
2017-11,LV,0
2017-12,LV,0
2018-01,LV,0
2018-02,LV,0
2018-03,LV,0
2018-04,LV,0
2018-05,LV,0
2018-06,LV,0
2018-07,LV,0
2018-08,LV,0
2018-09,LV,0
2018-10,LV,0
2018-11,LV,0
2018-12,LV,0
2019-01,LV,0
2019-02,LV,0
2019-03,LV,0
2019-04,LV,0
2019-05,LV,0
2019-06,LV,0
2019-07,LV,0
2019-08,LV,0
2019-09,LV,0
2019-10,LV,0
2019-11,LV,0
2019-12,LV,0
2020-01,LV,0
2020-02,LV,0
2020-03,LV,0
2020-04,LV,0
2020-05,LV,0
2020-06,LV,0
2020-07,LV,0
2020-08,LV,0
2020-09,LV,0
2020-10,LV,0
2020-11,LV,0
2020-12,LV,0
2021-01,LV,0
2021-02,LV,0
2021-03,LV,0
2021-04,LV,0
2021-05,LV,0
2021-06,LV,0
2021-07,LV,0
2021-08,LV,0
2021-09,LV,0
2021-10,LV,0
2021-11,LV,0
2021-12,LV,0
2022-01,LV,0
2022-02,LV,0
2022-03,LV,0
2022-04,LV,0
2022-05,LV,0
2022-06,LV,0
2022-07,LV,0
2022-08,LV,0
2022-09,LV,0
2022-10,LV,0
2022-11,LV,0
2022-12,LV,0
2023-01,LV,0
2023-02,LV,0
2023-03,LV,0
2023-04,LV,0
2023-05,LV,0
2023-06,LV,0
2023-07,LV,0
2023-08,LV,0
2023-09,LV,0
2023-10,LV,0
2023-11,LV,0
2023-12,LV,0
2024-01,LV,0
2024-02,LV,0
2024-03,LV,0
2024-04,LV,0
2024-05,LV,0
2024-06,LV,0
2024-07,LV,0
2024-08,LV,0
2024-09,LV,0
2024-10,LV,0
2024-11,LV,0
2024-12,LV,0
2025-01,LV,0
2025-02,LV,0
2025-03,LV,0
2025-04,LV,0
2025-05,LV,0
2025-06,LV,0
2025-07,LV,0
2025-08,LV,0
2025-09,LV,0
2025-10,LV,0
2025-11,LV,0
2025-12,LV,0
2026-01,LV,0
2026-02,LV,0
2026-03,LV,0
2026-04,LV,0
2026-05,LV,0
2026-06,LV,0
2026-07,LV,0
2026-08,LV,0
2014-12,MA,0
2015-01,MA,0
2015-02,MA,0
2015-03,MA,0
2015-04,MA,10
2015-05,MA,11
2015-06,MA,0
2015-07,MA,11
2015-08,MA,0
2015-09,MA,10
2015-10,MA,0
2015-11,MA,0
2015-12,MA,0
2016-01,MA,0
2016-02,MA,0
2016-03,MA,0
2016-04,MA,0
2016-05,MA,24
2016-06,MA,21
2016-07,MA,108
2016-08,MA,29
2016-09,MA,0
2016-10,MA,0
2016-11,MA,0
2016-12,MA,0
2017-01,MA,11
2017-02,MA,12
2017-03,MA,0
2017-04,MA,10
2017-05,MA,12
2017-06,MA,0
2017-07,MA,0
2017-08,MA,0
2017-09,MA,0
2017-10,MA,0
2017-11,MA,0
2017-12,MA,0
2018-01,MA,0
2018-02,MA,0
2018-03,MA,0
2018-04,MA,0
2018-05,MA,0
2018-06,MA,0
2018-07,MA,0
2018-08,MA,22
2018-09,MA,0
2018-10,MA,0
2018-11,MA,0
2018-12,MA,0
2019-01,MA,0
2019-02,MA,0
2019-03,MA,0
2019-04,MA,0
2019-05,MA,0
2019-06,MA,0
2019-07,MA,0
2019-08,MA,0
2019-09,MA,0
2019-10,MA,0
2019-11,MA,0
2019-12,MA,0
2020-01,MA,0
2020-02,MA,0
2020-03,MA,0
2020-04,MA,0
2020-05,MA,0
2020-06,MA,0
2020-07,MA,0
2020-08,MA,0
2020-09,MA,0
2020-10,MA,0
2020-11,MA,0
2020-12,MA,0
2021-01,MA,0
2021-02,MA,0
2021-03,MA,0
2021-04,MA,0
2021-05,MA,0
2021-06,MA,0
2021-07,MA,0
2021-08,MA,0
2021-09,MA,0
2021-10,MA,0
2021-11,MA,0
2021-12,MA,0
2022-01,MA,0
2022-02,MA,0
2022-03,MA,0
2022-04,MA,0
2022-05,MA,0
2022-06,MA,0
2022-07,MA,0
2022-08,MA,0
2022-09,MA,0
2022-10,MA,0
2022-11,MA,0
2022-12,MA,0
2023-01,MA,0
2023-02,MA,0
2023-03,MA,0
2023-04,MA,0
2023-05,MA,0
2023-06,MA,0
2023-07,MA,0
2023-08,MA,0
2023-09,MA,0
2023-10,MA,0
2023-11,MA,0
2023-12,MA,0
2024-01,MA,0
2024-02,MA,0
2024-03,MA,0
2024-04,MA,0
2024-05,MA,0
2024-06,MA,0
2024-07,MA,0
2024-08,MA,0
2024-09,MA,0
2024-10,MA,0
2024-11,MA,0
2024-12,MA,0
2025-01,MA,0
2025-02,MA,0
2025-03,MA,0
2025-04,MA,0
2025-05,MA,0
2025-06,MA,0
2025-07,MA,0
2025-08,MA,0
2025-09,MA,0
2025-10,MA,0
2025-11,MA,0
2025-12,MA,0
2026-01,MA,0
2026-02,MA,0
2026-03,MA,0
2026-04,MA,0
2026-05,MA,0
2026-06,MA,0
2026-07,MA,0
2026-08,MA,0
2014-12,MG,0
2015-01,MG,0
2015-02,MG,0
2015-03,MG,0
2015-04,MG,0
2015-05,MG,0
2015-06,MG,0
2015-07,MG,0
2015-08,MG,0
2015-09,MG,0
2015-10,MG,0
2015-11,MG,0
2015-12,MG,0
2016-01,MG,0
2016-02,MG,0
2016-03,MG,0
2016-04,MG,0
2016-05,MG,0
2016-06,MG,0
2016-07,MG,0
2016-08,MG,0
2016-09,MG,12
2016-10,MG,0
2016-11,MG,0
2016-12,MG,0
2017-01,MG,10
2017-02,MG,25
2017-03,MG,0
2017-04,MG,0
2017-05,MG,0
2017-06,MG,10
2017-07,MG,0
2017-08,MG,0
2017-09,MG,0
2017-10,MG,0
2017-11,MG,0
2017-12,MG,0
2018-01,MG,0
2018-02,MG,0
2018-03,MG,0
2018-04,MG,0
2018-05,MG,0
2018-06,MG,0
2018-07,MG,0
2018-08,MG,0
2018-09,MG,0
2018-10,MG,0
2018-11,MG,0
2018-12,MG,0
2019-01,MG,0
2019-02,MG,0
2019-03,MG,0
2019-04,MG,0
2019-05,MG,14
2019-06,MG,0
2019-07,MG,0
2019-08,MG,0
2019-09,MG,0
2019-10,MG,0
2019-11,MG,0
2019-12,MG,0
2020-01,MG,0
2020-02,MG,0
2020-03,MG,0
2020-04,MG,0
2020-05,MG,0
2020-06,MG,0
2020-07,MG,0
2020-08,MG,0
2020-09,MG,0
2020-10,MG,0
2020-11,MG,0
2020-12,MG,0
2021-01,MG,0
2021-02,MG,0
2021-03,MG,0
2021-04,MG,0
2021-05,MG,0
2021-06,MG,0
2021-07,MG,0
2021-08,MG,0
2021-09,MG,0
2021-10,MG,0
2021-11,MG,0
2021-12,MG,0
2022-01,MG,0
2022-02,MG,0
2022-03,MG,0
2022-04,MG,0
2022-05,MG,0
2022-06,MG,0
2022-07,MG,0
2022-08,MG,0
2022-09,MG,0
2022-10,MG,0
2022-11,MG,0
2022-12,MG,0
2023-01,MG,0
2023-02,MG,0
2023-03,MG,0
2023-04,MG,0
2023-05,MG,0
2023-06,MG,0
2023-07,MG,0
2023-08,MG,0
2023-09,MG,0
2023-10,MG,0
2023-11,MG,0
2023-12,MG,0
2024-01,MG,0
2024-02,MG,0
2024-03,MG,0
2024-04,MG,0
2024-05,MG,0
2024-06,MG,0
2024-07,MG,0
2024-08,MG,0
2024-09,MG,0
2024-10,MG,0
2024-11,MG,0
2024-12,MG,0
2025-01,MG,0
2025-02,MG,0
2025-03,MG,0
2025-04,MG,0
2025-05,MG,0
2025-06,MG,0
2025-07,MG,0
2025-08,MG,0
2025-09,MG,0
2025-10,MG,0
2025-11,MG,0
2025-12,MG,0
2026-01,MG,0
2026-02,MG,0
2026-03,MG,0
2026-04,MG,0
2026-05,MG,0
2026-06,MG,0
2026-07,MG,0
2026-08,MG,0
2014-12,MK,0
2015-01,MK,0
2015-02,MK,0
2015-03,MK,0
2015-04,MK,0
2015-05,MK,0
2015-06,MK,0
2015-07,MK,0
2015-08,MK,0
2015-09,MK,0
2015-10,MK,0
2015-11,MK,0
2015-12,MK,0
2016-01,MK,0
2016-02,MK,0
2016-03,MK,50
2016-04,MK,10
2016-05,MK,0
2016-06,MK,0
2016-07,MK,0
2016-08,MK,0
2016-09,MK,11
2016-10,MK,27
2016-11,MK,0
2016-12,MK,0
2017-01,MK,0
2017-02,MK,0
2017-03,MK,10
2017-04,MK,0
2017-05,MK,0
2017-06,MK,0
2017-07,MK,0
2017-08,MK,0
2017-09,MK,0
2017-10,MK,0
2017-11,MK,0
2017-12,MK,0
2018-01,MK,0
2018-02,MK,0
2018-03,MK,0
2018-04,MK,0
2018-05,MK,0
2018-06,MK,0
2018-07,MK,0
2018-08,MK,0
2018-09,MK,0
2018-10,MK,0
2018-11,MK,0
2018-12,MK,0
2019-01,MK,0
2019-02,MK,0
2019-03,MK,0
2019-04,MK,0
2019-05,MK,0
2019-06,MK,0
2019-07,MK,0
2019-08,MK,0
2019-09,MK,0
2019-10,MK,0
2019-11,MK,0
2019-12,MK,0
2020-01,MK,0
2020-02,MK,0
2020-03,MK,0
2020-04,MK,0
2020-05,MK,0
2020-06,MK,0
2020-07,MK,0
2020-08,MK,0
2020-09,MK,0
2020-10,MK,0
2020-11,MK,0
2020-12,MK,0
2021-01,MK,0
2021-02,MK,0
2021-03,MK,0
2021-04,MK,0
2021-05,MK,0
2021-06,MK,0
2021-07,MK,0
2021-08,MK,0
2021-09,MK,0
2021-10,MK,0
2021-11,MK,0
2021-12,MK,0
2022-01,MK,0
2022-02,MK,0
2022-03,MK,0
2022-04,MK,0
2022-05,MK,0
2022-06,MK,0
2022-07,MK,0
2022-08,MK,0
2022-09,MK,0
2022-10,MK,0
2022-11,MK,0
2022-12,MK,0
2023-01,MK,0
2023-02,MK,0
2023-03,MK,0
2023-04,MK,0
2023-05,MK,0
2023-06,MK,0
2023-07,MK,0
2023-08,MK,0
2023-09,MK,0
2023-10,MK,0
2023-11,MK,0
2023-12,MK,0
2024-01,MK,0
2024-02,MK,0
2024-03,MK,0
2024-04,MK,0
2024-05,MK,0
2024-06,MK,0
2024-07,MK,0
2024-08,MK,0
2024-09,MK,0
2024-10,MK,0
2024-11,MK,0
2024-12,MK,0
2025-01,MK,0
2025-02,MK,0
2025-03,MK,0
2025-04,MK,0
2025-05,MK,0
2025-06,MK,0
2025-07,MK,0
2025-08,MK,0
2025-09,MK,0
2025-10,MK,0
2025-11,MK,0
2025-12,MK,0
2026-01,MK,0
2026-02,MK,0
2026-03,MK,0
2026-04,MK,0
2026-05,MK,0
2026-06,MK,0
2026-07,MK,0
2026-08,MK,0
2014-12,MM,0
2015-01,MM,0
2015-02,MM,0
2015-03,MM,0
2015-04,MM,0
2015-05,MM,0
2015-06,MM,0
2015-07,MM,0
2015-08,MM,0
2015-09,MM,0
2015-10,MM,0
2015-11,MM,0
2015-12,MM,0
2016-01,MM,0
2016-02,MM,0
2016-03,MM,0
2016-04,MM,0
2016-05,MM,10
2016-06,MM,0
2016-07,MM,0
2016-08,MM,25
2016-09,MM,0
2016-10,MM,0
2016-11,MM,0
2016-12,MM,0
2017-01,MM,0
2017-02,MM,0
2017-03,MM,0
2017-04,MM,0
2017-05,MM,0
2017-06,MM,0
2017-07,MM,0
2017-08,MM,0
2017-09,MM,0
2017-10,MM,0
2017-11,MM,0
2017-12,MM,0
2018-01,MM,0
2018-02,MM,0
2018-03,MM,0
2018-04,MM,0
2018-05,MM,0
2018-06,MM,0
2018-07,MM,0
2018-08,MM,0
2018-09,MM,0
2018-10,MM,0
2018-11,MM,0
2018-12,MM,0
2019-01,MM,0
2019-02,MM,0
2019-03,MM,0
2019-04,MM,0
2019-05,MM,0
2019-06,MM,0
2019-07,MM,0
2019-08,MM,0
2019-09,MM,0
2019-10,MM,0
2019-11,MM,0
2019-12,MM,0
2020-01,MM,0
2020-02,MM,0
2020-03,MM,0
2020-04,MM,0
2020-05,MM,0
2020-06,MM,0
2020-07,MM,0
2020-08,MM,0
2020-09,MM,0
2020-10,MM,0
2020-11,MM,0
2020-12,MM,0
2021-01,MM,0
2021-02,MM,0
2021-03,MM,0
2021-04,MM,0
2021-05,MM,0
2021-06,MM,0
2021-07,MM,0
2021-08,MM,0
2021-09,MM,0
2021-10,MM,0
2021-11,MM,0
2021-12,MM,0
2022-01,MM,0
2022-02,MM,0
2022-03,MM,0
2022-04,MM,0
2022-05,MM,0
2022-06,MM,0
2022-07,MM,0
2022-08,MM,0
2022-09,MM,0
2022-10,MM,0
2022-11,MM,0
2022-12,MM,0
2023-01,MM,0
2023-02,MM,0
2023-03,MM,0
2023-04,MM,0
2023-05,MM,0
2023-06,MM,0
2023-07,MM,0
2023-08,MM,0
2023-09,MM,0
2023-10,MM,0
2023-11,MM,0
2023-12,MM,0
2024-01,MM,0
2024-02,MM,0
2024-03,MM,0
2024-04,MM,0
2024-05,MM,0
2024-06,MM,0
2024-07,MM,0
2024-08,MM,0
2024-09,MM,0
2024-10,MM,0
2024-11,MM,0
2024-12,MM,0
2025-01,MM,0
2025-02,MM,0
2025-03,MM,0
2025-04,MM,0
2025-05,MM,0
2025-06,MM,0
2025-07,MM,0
2025-08,MM,0
2025-09,MM,0
2025-10,MM,0
2025-11,MM,0
2025-12,MM,0
2026-01,MM,0
2026-02,MM,0
2026-03,MM,0
2026-04,MM,0
2026-05,MM,0
2026-06,MM,0
2026-07,MM,0
2026-08,MM,0
2014-12,MN,0
2015-01,MN,0
2015-02,MN,0
2015-03,MN,0
2015-04,MN,0
2015-05,MN,0
2015-06,MN,0
2015-07,MN,65
2015-08,MN,0
2015-09,MN,0
2015-10,MN,0
2015-11,MN,0
2015-12,MN,0
2016-01,MN,0
2016-02,MN,0
2016-03,MN,0
2016-04,MN,0
2016-05,MN,0
2016-06,MN,13
2016-07,MN,0
2016-08,MN,25
2016-09,MN,0
2016-10,MN,11
2016-11,MN,0
2016-12,MN,0
2017-01,MN,0
2017-02,MN,0
2017-03,MN,0
2017-04,MN,0
2017-05,MN,0
2017-06,MN,0
2017-07,MN,0
2017-08,MN,0
2017-09,MN,0
2017-10,MN,0
2017-11,MN,0
2017-12,MN,0
2018-01,MN,0
2018-02,MN,0
2018-03,MN,0
2018-04,MN,0
2018-05,MN,0
2018-06,MN,0
2018-07,MN,0
2018-08,MN,0
2018-09,MN,0
2018-10,MN,0
2018-11,MN,0
2018-12,MN,0
2019-01,MN,0
2019-02,MN,0
2019-03,MN,0
2019-04,MN,0
2019-05,MN,0
2019-06,MN,0
2019-07,MN,0
2019-08,MN,0
2019-09,MN,0
2019-10,MN,0
2019-11,MN,0
2019-12,MN,0
2020-01,MN,0
2020-02,MN,0
2020-03,MN,0
2020-04,MN,0
2020-05,MN,0
2020-06,MN,0
2020-07,MN,0
2020-08,MN,0
2020-09,MN,0
2020-10,MN,0
2020-11,MN,0
2020-12,MN,0
2021-01,MN,0
2021-02,MN,0
2021-03,MN,0
2021-04,MN,0
2021-05,MN,0
2021-06,MN,0
2021-07,MN,0
2021-08,MN,0
2021-09,MN,0
2021-10,MN,0
2021-11,MN,0
2021-12,MN,0
2022-01,MN,0
2022-02,MN,0
2022-03,MN,0
2022-04,MN,0
2022-05,MN,0
2022-06,MN,0
2022-07,MN,0
2022-08,MN,0
2022-09,MN,0
2022-10,MN,0
2022-11,MN,0
2022-12,MN,0
2023-01,MN,0
2023-02,MN,0
2023-03,MN,0
2023-04,MN,0
2023-05,MN,0
2023-06,MN,0
2023-07,MN,0
2023-08,MN,0
2023-09,MN,0
2023-10,MN,0
2023-11,MN,0
2023-12,MN,0
2024-01,MN,0
2024-02,MN,0
2024-03,MN,0
2024-04,MN,0
2024-05,MN,0
2024-06,MN,0
2024-07,MN,0
2024-08,MN,0
2024-09,MN,0
2024-10,MN,0
2024-11,MN,0
2024-12,MN,0
2025-01,MN,0
2025-02,MN,0
2025-03,MN,0
2025-04,MN,0
2025-05,MN,0
2025-06,MN,0
2025-07,MN,0
2025-08,MN,0
2025-09,MN,0
2025-10,MN,0
2025-11,MN,0
2025-12,MN,0
2026-01,MN,0
2026-02,MN,0
2026-03,MN,0
2026-04,MN,0
2026-05,MN,0
2026-06,MN,0
2026-07,MN,0
2026-08,MN,0
2014-12,MO,0
2015-01,MO,0
2015-02,MO,0
2015-03,MO,41
2015-04,MO,45
2015-05,MO,10
2015-06,MO,12
2015-07,MO,13
2015-08,MO,0
2015-09,MO,12
2015-10,MO,17
2015-11,MO,21
2015-12,MO,22
2016-01,MO,44
2016-02,MO,158
2016-03,MO,11
2016-04,MO,118
2016-05,MO,64
2016-06,MO,11
2016-07,MO,92
2016-08,MO,128
2016-09,MO,31
2016-10,MO,13
2016-11,MO,13
2016-12,MO,0
2017-01,MO,10
2017-02,MO,17
2017-03,MO,14
2017-04,MO,125
2017-05,MO,286
2017-06,MO,166
2017-07,MO,363
2017-08,MO,377
2017-09,MO,79
2017-10,MO,0
2017-11,MO,0
2017-12,MO,0
2018-01,MO,0
2018-02,MO,0
2018-03,MO,44
2018-04,MO,11
2018-05,MO,12
2018-06,MO,23
2018-07,MO,10
2018-08,MO,12
2018-09,MO,0
2018-10,MO,0
2018-11,MO,0
2018-12,MO,36
2019-01,MO,0
2019-02,MO,10
2019-03,MO,120
2019-04,MO,0
2019-05,MO,0
2019-06,MO,22
2019-07,MO,0
2019-08,MO,27
2019-09,MO,0
2019-10,MO,0
2019-11,MO,0
2019-12,MO,0
2020-01,MO,0
2020-02,MO,0
2020-03,MO,16
2020-04,MO,0
2020-05,MO,0
2020-06,MO,0
2020-07,MO,33
2020-08,MO,0
2020-09,MO,0
2020-10,MO,0
2020-11,MO,0
2020-12,MO,18
2021-01,MO,0
2021-02,MO,15
2021-03,MO,0
2021-04,MO,0
2021-05,MO,0
2021-06,MO,0
2021-07,MO,0
2021-08,MO,0
2021-09,MO,0
2021-10,MO,0
2021-11,MO,0
2021-12,MO,11
2022-01,MO,0
2022-02,MO,0
2022-03,MO,0
2022-04,MO,0
2022-05,MO,0
2022-06,MO,0
2022-07,MO,0
2022-08,MO,0
2022-09,MO,0
2022-10,MO,0
2022-11,MO,0
2022-12,MO,0
2023-01,MO,0
2023-02,MO,0
2023-03,MO,0
2023-04,MO,0
2023-05,MO,0
2023-06,MO,0
2023-07,MO,0
2023-08,MO,0
2023-09,MO,0
2023-10,MO,0
2023-11,MO,0
2023-12,MO,0
2024-01,MO,0
2024-02,MO,0
2024-03,MO,0
2024-04,MO,0
2024-05,MO,0
2024-06,MO,0
2024-07,MO,0
2024-08,MO,0
2024-09,MO,0
2024-10,MO,0
2024-11,MO,0
2024-12,MO,0
2025-01,MO,0
2025-02,MO,0
2025-03,MO,0
2025-04,MO,0
2025-05,MO,0
2025-06,MO,0
2025-07,MO,0
2025-08,MO,0
2025-09,MO,0
2025-10,MO,0
2025-11,MO,0
2025-12,MO,0
2026-01,MO,0
2026-02,MO,0
2026-03,MO,0
2026-04,MO,0
2026-05,MO,0
2026-06,MO,0
2026-07,MO,0
2026-08,MO,0
2014-12,MQ,0
2015-01,MQ,0
2015-02,MQ,0
2015-03,MQ,0
2015-04,MQ,0
2015-05,MQ,0
2015-06,MQ,0
2015-07,MQ,0
2015-08,MQ,0
2015-09,MQ,0
2015-10,MQ,0
2015-11,MQ,0
2015-12,MQ,0
2016-01,MQ,0
2016-02,MQ,0
2016-03,MQ,0
2016-04,MQ,0
2016-05,MQ,0
2016-06,MQ,0
2016-07,MQ,0
2016-08,MQ,0
2016-09,MQ,0
2016-10,MQ,0
2016-11,MQ,0
2016-12,MQ,0
2017-01,MQ,0
2017-02,MQ,10
2017-03,MQ,0
2017-04,MQ,0
2017-05,MQ,0
2017-06,MQ,0
2017-07,MQ,0
2017-08,MQ,0
2017-09,MQ,0
2017-10,MQ,0
2017-11,MQ,0
2017-12,MQ,0
2018-01,MQ,0
2018-02,MQ,0
2018-03,MQ,0
2018-04,MQ,0
2018-05,MQ,0
2018-06,MQ,0
2018-07,MQ,0
2018-08,MQ,0
2018-09,MQ,0
2018-10,MQ,0
2018-11,MQ,0
2018-12,MQ,0
2019-01,MQ,0
2019-02,MQ,0
2019-03,MQ,0
2019-04,MQ,0
2019-05,MQ,0
2019-06,MQ,0
2019-07,MQ,0
2019-08,MQ,0
2019-09,MQ,0
2019-10,MQ,0
2019-11,MQ,0
2019-12,MQ,0
2020-01,MQ,0
2020-02,MQ,0
2020-03,MQ,0
2020-04,MQ,0
2020-05,MQ,0
2020-06,MQ,0
2020-07,MQ,0
2020-08,MQ,0
2020-09,MQ,0
2020-10,MQ,0
2020-11,MQ,0
2020-12,MQ,0
2021-01,MQ,0
2021-02,MQ,0
2021-03,MQ,0
2021-04,MQ,0
2021-05,MQ,0
2021-06,MQ,0
2021-07,MQ,0
2021-08,MQ,0
2021-09,MQ,0
2021-10,MQ,0
2021-11,MQ,0
2021-12,MQ,0
2022-01,MQ,0
2022-02,MQ,0
2022-03,MQ,0
2022-04,MQ,0
2022-05,MQ,0
2022-06,MQ,0
2022-07,MQ,0
2022-08,MQ,0
2022-09,MQ,0
2022-10,MQ,0
2022-11,MQ,0
2022-12,MQ,0
2023-01,MQ,0
2023-02,MQ,0
2023-03,MQ,0
2023-04,MQ,0
2023-05,MQ,0
2023-06,MQ,0
2023-07,MQ,0
2023-08,MQ,0
2023-09,MQ,0
2023-10,MQ,0
2023-11,MQ,0
2023-12,MQ,0
2024-01,MQ,0
2024-02,MQ,0
2024-03,MQ,0
2024-04,MQ,0
2024-05,MQ,0
2024-06,MQ,0
2024-07,MQ,0
2024-08,MQ,0
2024-09,MQ,0
2024-10,MQ,0
2024-11,MQ,0
2024-12,MQ,0
2025-01,MQ,0
2025-02,MQ,0
2025-03,MQ,0
2025-04,MQ,0
2025-05,MQ,0
2025-06,MQ,0
2025-07,MQ,0
2025-08,MQ,0
2025-09,MQ,0
2025-10,MQ,0
2025-11,MQ,0
2025-12,MQ,0
2026-01,MQ,0
2026-02,MQ,0
2026-03,MQ,0
2026-04,MQ,0
2026-05,MQ,0
2026-06,MQ,0
2026-07,MQ,0
2026-08,MQ,0
2014-12,MU,0
2015-01,MU,0
2015-02,MU,0
2015-03,MU,0
2015-04,MU,0
2015-05,MU,0
2015-06,MU,0
2015-07,MU,0
2015-08,MU,0
2015-09,MU,0
2015-10,MU,0
2015-11,MU,0
2015-12,MU,0
2016-01,MU,0
2016-02,MU,0
2016-03,MU,0
2016-04,MU,0
2016-05,MU,0
2016-06,MU,0
2016-07,MU,0
2016-08,MU,0
2016-09,MU,0
2016-10,MU,0
2016-11,MU,0
2016-12,MU,0
2017-01,MU,0
2017-02,MU,0
2017-03,MU,0
2017-04,MU,0
2017-05,MU,0
2017-06,MU,0
2017-07,MU,0
2017-08,MU,0
2017-09,MU,0
2017-10,MU,0
2017-11,MU,0
2017-12,MU,0
2018-01,MU,0
2018-02,MU,0
2018-03,MU,0
2018-04,MU,0
2018-05,MU,0
2018-06,MU,0
2018-07,MU,0
2018-08,MU,0
2018-09,MU,0
2018-10,MU,0
2018-11,MU,0
2018-12,MU,0
2019-01,MU,0
2019-02,MU,0
2019-03,MU,0
2019-04,MU,0
2019-05,MU,0
2019-06,MU,0
2019-07,MU,0
2019-08,MU,0
2019-09,MU,0
2019-10,MU,0
2019-11,MU,0
2019-12,MU,0
2020-01,MU,0
2020-02,MU,0
2020-03,MU,0
2020-04,MU,0
2020-05,MU,0
2020-06,MU,0
2020-07,MU,0
2020-08,MU,0
2020-09,MU,0
2020-10,MU,0
2020-11,MU,0
2020-12,MU,0
2021-01,MU,0
2021-02,MU,0
2021-03,MU,0
2021-04,MU,0
2021-05,MU,0
2021-06,MU,0
2021-07,MU,0
2021-08,MU,0
2021-09,MU,0
2021-10,MU,0
2021-11,MU,0
2021-12,MU,0
2022-01,MU,0
2022-02,MU,0
2022-03,MU,0
2022-04,MU,0
2022-05,MU,0
2022-06,MU,0
2022-07,MU,0
2022-08,MU,0
2022-09,MU,0
2022-10,MU,0
2022-11,MU,0
2022-12,MU,10
2023-01,MU,0
2023-02,MU,0
2023-03,MU,0
2023-04,MU,0
2023-05,MU,0
2023-06,MU,0
2023-07,MU,0
2023-08,MU,0
2023-09,MU,0
2023-10,MU,0
2023-11,MU,0
2023-12,MU,0
2024-01,MU,0
2024-02,MU,0
2024-03,MU,0
2024-04,MU,0
2024-05,MU,0
2024-06,MU,0
2024-07,MU,0
2024-08,MU,0
2024-09,MU,0
2024-10,MU,0
2024-11,MU,0
2024-12,MU,0
2025-01,MU,0
2025-02,MU,0
2025-03,MU,0
2025-04,MU,0
2025-05,MU,0
2025-06,MU,0
2025-07,MU,0
2025-08,MU,0
2025-09,MU,0
2025-10,MU,0
2025-11,MU,0
2025-12,MU,0
2026-01,MU,0
2026-02,MU,0
2026-03,MU,0
2026-04,MU,0
2026-05,MU,0
2026-06,MU,0
2026-07,MU,0
2026-08,MU,0
2014-12,MX,0
2015-01,MX,0
2015-02,MX,0
2015-03,MX,112
2015-04,MX,415
2015-05,MX,322
2015-06,MX,331
2015-07,MX,365
2015-08,MX,625
2015-09,MX,708
2015-10,MX,873
2015-11,MX,768
2015-12,MX,687
2016-01,MX,652
2016-02,MX,679
2016-03,MX,933
2016-04,MX,688
2016-05,MX,814
2016-06,MX,859
2016-07,MX,1045
2016-08,MX,975
2016-09,MX,963
2016-10,MX,806
2016-11,MX,866
2016-12,MX,873
2017-01,MX,831
2017-02,MX,700
2017-03,MX,846
2017-04,MX,782
2017-05,MX,941
2017-06,MX,972
2017-07,MX,992
2017-08,MX,813
2017-09,MX,443
2017-10,MX,347
2017-11,MX,323
2017-12,MX,477
2018-01,MX,328
2018-02,MX,312
2018-03,MX,525
2018-04,MX,507
2018-05,MX,418
2018-06,MX,198
2018-07,MX,342
2018-08,MX,402
2018-09,MX,417
2018-10,MX,152
2018-11,MX,112
2018-12,MX,118
2019-01,MX,35
2019-02,MX,45
2019-03,MX,79
2019-04,MX,59
2019-05,MX,50
2019-06,MX,88
2019-07,MX,180
2019-08,MX,32
2019-09,MX,10
2019-10,MX,117
2019-11,MX,12
2019-12,MX,32
2020-01,MX,34
2020-02,MX,41
2020-03,MX,32
2020-04,MX,10
2020-05,MX,10
2020-06,MX,0
2020-07,MX,37
2020-08,MX,58
2020-09,MX,12
2020-10,MX,12
2020-11,MX,24
2020-12,MX,0
2021-01,MX,22
2021-02,MX,22
2021-03,MX,15
2021-04,MX,0
2021-05,MX,0
2021-06,MX,0
2021-07,MX,16
2021-08,MX,0
2021-09,MX,0
2021-10,MX,0
2021-11,MX,0
2021-12,MX,10
2022-01,MX,0
2022-02,MX,11
2022-03,MX,0
2022-04,MX,45
2022-05,MX,0
2022-06,MX,0
2022-07,MX,0
2022-08,MX,0
2022-09,MX,0
2022-10,MX,0
2022-11,MX,0
2022-12,MX,0
2023-01,MX,0
2023-02,MX,0
2023-03,MX,0
2023-04,MX,0
2023-05,MX,0
2023-06,MX,0
2023-07,MX,0
2023-08,MX,0
2023-09,MX,0
2023-10,MX,0
2023-11,MX,0
2023-12,MX,11
2024-01,MX,0
2024-02,MX,0
2024-03,MX,0
2024-04,MX,0
2024-05,MX,0
2024-06,MX,0
2024-07,MX,25
2024-08,MX,0
2024-09,MX,0
2024-10,MX,12
2024-11,MX,0
2024-12,MX,0
2025-01,MX,0
2025-02,MX,0
2025-03,MX,0
2025-04,MX,0
2025-05,MX,0
2025-06,MX,0
2025-07,MX,0
2025-08,MX,0
2025-09,MX,0
2025-10,MX,0
2025-11,MX,0
2025-12,MX,0
2026-01,MX,14
2026-02,MX,0
2026-03,MX,0
2026-04,MX,0
2026-05,MX,0
2026-06,MX,0
2026-07,MX,0
2026-08,MX,0
2014-12,MY,15
2015-01,MY,101
2015-02,MY,32
2015-03,MY,635
2015-04,MY,1385
2015-05,MY,1019
2015-06,MY,1258
2015-07,MY,771
2015-08,MY,808
2015-09,MY,840
2015-10,MY,1100
2015-11,MY,987
2015-12,MY,897
2016-01,MY,903
2016-02,MY,1219
2016-03,MY,1512
2016-04,MY,1367
2016-05,MY,1587
2016-06,MY,1285
2016-07,MY,1162
2016-08,MY,1063
2016-09,MY,1171
2016-10,MY,1267
2016-11,MY,1189
2016-12,MY,1513
2017-01,MY,946
2017-02,MY,855
2017-03,MY,1221
2017-04,MY,1066
2017-05,MY,1230
2017-06,MY,1301
2017-07,MY,889
2017-08,MY,707
2017-09,MY,638
2017-10,MY,570
2017-11,MY,665
2017-12,MY,673
2018-01,MY,446
2018-02,MY,455
2018-03,MY,583
2018-04,MY,580
2018-05,MY,535
2018-06,MY,646
2018-07,MY,745
2018-08,MY,646
2018-09,MY,455
2018-10,MY,374
2018-11,MY,211
2018-12,MY,320
2019-01,MY,156
2019-02,MY,164
2019-03,MY,310
2019-04,MY,217
2019-05,MY,289
2019-06,MY,123
2019-07,MY,75
2019-08,MY,52
2019-09,MY,48
2019-10,MY,95
2019-11,MY,78
2019-12,MY,186
2020-01,MY,23
2020-02,MY,184
2020-03,MY,63
2020-04,MY,208
2020-05,MY,109
2020-06,MY,212
2020-07,MY,111
2020-08,MY,10
2020-09,MY,62
2020-10,MY,11
2020-11,MY,0
2020-12,MY,21
2021-01,MY,25
2021-02,MY,44
2021-03,MY,10
2021-04,MY,0
2021-05,MY,45
2021-06,MY,119
2021-07,MY,82
2021-08,MY,11
2021-09,MY,25
2021-10,MY,11
2021-11,MY,0
2021-12,MY,0
2022-01,MY,0
2022-02,MY,0
2022-03,MY,0
2022-04,MY,10
2022-05,MY,0
2022-06,MY,0
2022-07,MY,0
2022-08,MY,0
2022-09,MY,0
2022-10,MY,0
2022-11,MY,0
2022-12,MY,0
2023-01,MY,0
2023-02,MY,0
2023-03,MY,0
2023-04,MY,0
2023-05,MY,0
2023-06,MY,0
2023-07,MY,0
2023-08,MY,27
2023-09,MY,0
2023-10,MY,0
2023-11,MY,0
2023-12,MY,0
2024-01,MY,0
2024-02,MY,0
2024-03,MY,0
2024-04,MY,0
2024-05,MY,0
2024-06,MY,0
2024-07,MY,0
2024-08,MY,0
2024-09,MY,0
2024-10,MY,0
2024-11,MY,0
2024-12,MY,0
2025-01,MY,0
2025-02,MY,21
2025-03,MY,17
2025-04,MY,32
2025-05,MY,0
2025-06,MY,0
2025-07,MY,0
2025-08,MY,20
2025-09,MY,0
2025-10,MY,0
2025-11,MY,11
2025-12,MY,0
2026-01,MY,0
2026-02,MY,0
2026-03,MY,0
2026-04,MY,0
2026-05,MY,0
2026-06,MY,0
2026-07,MY,0
2026-08,MY,0
2014-12,NE,0
2015-01,NE,0
2015-02,NE,0
2015-03,NE,0
2015-04,NE,0
2015-05,NE,0
2015-06,NE,0
2015-07,NE,0
2015-08,NE,0
2015-09,NE,0
2015-10,NE,0
2015-11,NE,0
2015-12,NE,0
2016-01,NE,0
2016-02,NE,0
2016-03,NE,0
2016-04,NE,0
2016-05,NE,0
2016-06,NE,0
2016-07,NE,0
2016-08,NE,0
2016-09,NE,10
2016-10,NE,0
2016-11,NE,0
2016-12,NE,0
2017-01,NE,0
2017-02,NE,0
2017-03,NE,0
2017-04,NE,0
2017-05,NE,0
2017-06,NE,0
2017-07,NE,0
2017-08,NE,0
2017-09,NE,0
2017-10,NE,0
2017-11,NE,0
2017-12,NE,0
2018-01,NE,0
2018-02,NE,0
2018-03,NE,0
2018-04,NE,0
2018-05,NE,0
2018-06,NE,0
2018-07,NE,0
2018-08,NE,0
2018-09,NE,0
2018-10,NE,0
2018-11,NE,0
2018-12,NE,0
2019-01,NE,0
2019-02,NE,0
2019-03,NE,0
2019-04,NE,0
2019-05,NE,0
2019-06,NE,0
2019-07,NE,0
2019-08,NE,0
2019-09,NE,0
2019-10,NE,0
2019-11,NE,0
2019-12,NE,0
2020-01,NE,0
2020-02,NE,0
2020-03,NE,0
2020-04,NE,0
2020-05,NE,0
2020-06,NE,0
2020-07,NE,0
2020-08,NE,0
2020-09,NE,0
2020-10,NE,0
2020-11,NE,0
2020-12,NE,0
2021-01,NE,0
2021-02,NE,0
2021-03,NE,0
2021-04,NE,0
2021-05,NE,0
2021-06,NE,0
2021-07,NE,0
2021-08,NE,0
2021-09,NE,0
2021-10,NE,0
2021-11,NE,0
2021-12,NE,0
2022-01,NE,0
2022-02,NE,0
2022-03,NE,0
2022-04,NE,0
2022-05,NE,0
2022-06,NE,0
2022-07,NE,0
2022-08,NE,0
2022-09,NE,0
2022-10,NE,0
2022-11,NE,0
2022-12,NE,0
2023-01,NE,0
2023-02,NE,0
2023-03,NE,0
2023-04,NE,0
2023-05,NE,0
2023-06,NE,0
2023-07,NE,0
2023-08,NE,0
2023-09,NE,0
2023-10,NE,0
2023-11,NE,0
2023-12,NE,0
2024-01,NE,0
2024-02,NE,0
2024-03,NE,0
2024-04,NE,0
2024-05,NE,0
2024-06,NE,0
2024-07,NE,0
2024-08,NE,0
2024-09,NE,0
2024-10,NE,0
2024-11,NE,0
2024-12,NE,0
2025-01,NE,0
2025-02,NE,0
2025-03,NE,0
2025-04,NE,0
2025-05,NE,0
2025-06,NE,0
2025-07,NE,0
2025-08,NE,0
2025-09,NE,0
2025-10,NE,0
2025-11,NE,0
2025-12,NE,0
2026-01,NE,0
2026-02,NE,0
2026-03,NE,0
2026-04,NE,0
2026-05,NE,0
2026-06,NE,0
2026-07,NE,0
2026-08,NE,0
2014-12,NL,0
2015-01,NL,0
2015-02,NL,0
2015-03,NL,0
2015-04,NL,0
2015-05,NL,16
2015-06,NL,11
2015-07,NL,13
2015-08,NL,0
2015-09,NL,0
2015-10,NL,0
2015-11,NL,0
2015-12,NL,23
2016-01,NL,42
2016-02,NL,15
2016-03,NL,12
2016-04,NL,0
2016-05,NL,44
2016-06,NL,60
2016-07,NL,13
2016-08,NL,11
2016-09,NL,12
2016-10,NL,14
2016-11,NL,0
2016-12,NL,106
2017-01,NL,179
2017-02,NL,33
2017-03,NL,53
2017-04,NL,51
2017-05,NL,0
2017-06,NL,11
2017-07,NL,27
2017-08,NL,0
2017-09,NL,0
2017-10,NL,15
2017-11,NL,0
2017-12,NL,17
2018-01,NL,0
2018-02,NL,0
2018-03,NL,0
2018-04,NL,0
2018-05,NL,10
2018-06,NL,0
2018-07,NL,0
2018-08,NL,0
2018-09,NL,12
2018-10,NL,0
2018-11,NL,0
2018-12,NL,0
2019-01,NL,0
2019-02,NL,0
2019-03,NL,0
2019-04,NL,0
2019-05,NL,0
2019-06,NL,0
2019-07,NL,0
2019-08,NL,0
2019-09,NL,0
2019-10,NL,0
2019-11,NL,0
2019-12,NL,0
2020-01,NL,0
2020-02,NL,0
2020-03,NL,0
2020-04,NL,0
2020-05,NL,13
2020-06,NL,0
2020-07,NL,0
2020-08,NL,0
2020-09,NL,0
2020-10,NL,0
2020-11,NL,0
2020-12,NL,0
2021-01,NL,0
2021-02,NL,0
2021-03,NL,0
2021-04,NL,0
2021-05,NL,0
2021-06,NL,0
2021-07,NL,0
2021-08,NL,0
2021-09,NL,0
2021-10,NL,0
2021-11,NL,0
2021-12,NL,0
2022-01,NL,0
2022-02,NL,0
2022-03,NL,0
2022-04,NL,0
2022-05,NL,0
2022-06,NL,0
2022-07,NL,0
2022-08,NL,0
2022-09,NL,0
2022-10,NL,0
2022-11,NL,0
2022-12,NL,0
2023-01,NL,0
2023-02,NL,0
2023-03,NL,0
2023-04,NL,0
2023-05,NL,0
2023-06,NL,0
2023-07,NL,0
2023-08,NL,0
2023-09,NL,0
2023-10,NL,0
2023-11,NL,0
2023-12,NL,0
2024-01,NL,0
2024-02,NL,0
2024-03,NL,0
2024-04,NL,0
2024-05,NL,0
2024-06,NL,0
2024-07,NL,0
2024-08,NL,0
2024-09,NL,0
2024-10,NL,0
2024-11,NL,0
2024-12,NL,0
2025-01,NL,0
2025-02,NL,0
2025-03,NL,0
2025-04,NL,0
2025-05,NL,0
2025-06,NL,0
2025-07,NL,0
2025-08,NL,0
2025-09,NL,0
2025-10,NL,0
2025-11,NL,0
2025-12,NL,0
2026-01,NL,0
2026-02,NL,0
2026-03,NL,0
2026-04,NL,0
2026-05,NL,0
2026-06,NL,0
2026-07,NL,0
2026-08,NL,0
2014-12,NO,0
2015-01,NO,0
2015-02,NO,0
2015-03,NO,0
2015-04,NO,15
2015-05,NO,0
2015-06,NO,0
2015-07,NO,0
2015-08,NO,0
2015-09,NO,0
2015-10,NO,0
2015-11,NO,0
2015-12,NO,0
2016-01,NO,28
2016-02,NO,0
2016-03,NO,0
2016-04,NO,10
2016-05,NO,0
2016-06,NO,107
2016-07,NO,62
2016-08,NO,20
2016-09,NO,10
2016-10,NO,10
2016-11,NO,0
2016-12,NO,0
2017-01,NO,25
2017-02,NO,90
2017-03,NO,0
2017-04,NO,0
2017-05,NO,0
2017-06,NO,0
2017-07,NO,0
2017-08,NO,0
2017-09,NO,0
2017-10,NO,0
2017-11,NO,0
2017-12,NO,0
2018-01,NO,0
2018-02,NO,0
2018-03,NO,0
2018-04,NO,0
2018-05,NO,0
2018-06,NO,0
2018-07,NO,0
2018-08,NO,0
2018-09,NO,0
2018-10,NO,0
2018-11,NO,0
2018-12,NO,0
2019-01,NO,0
2019-02,NO,0
2019-03,NO,0
2019-04,NO,0
2019-05,NO,0
2019-06,NO,0
2019-07,NO,0
2019-08,NO,0
2019-09,NO,0
2019-10,NO,0
2019-11,NO,0
2019-12,NO,0
2020-01,NO,0
2020-02,NO,0
2020-03,NO,0
2020-04,NO,0
2020-05,NO,0
2020-06,NO,0
2020-07,NO,0
2020-08,NO,0
2020-09,NO,0
2020-10,NO,0
2020-11,NO,0
2020-12,NO,0
2021-01,NO,0
2021-02,NO,0
2021-03,NO,0
2021-04,NO,0
2021-05,NO,0
2021-06,NO,0
2021-07,NO,0
2021-08,NO,0
2021-09,NO,0
2021-10,NO,0
2021-11,NO,0
2021-12,NO,0
2022-01,NO,0
2022-02,NO,0
2022-03,NO,0
2022-04,NO,0
2022-05,NO,0
2022-06,NO,0
2022-07,NO,0
2022-08,NO,0
2022-09,NO,0
2022-10,NO,0
2022-11,NO,0
2022-12,NO,0
2023-01,NO,0
2023-02,NO,0
2023-03,NO,0
2023-04,NO,0
2023-05,NO,0
2023-06,NO,0
2023-07,NO,0
2023-08,NO,0
2023-09,NO,0
2023-10,NO,0
2023-11,NO,0
2023-12,NO,0
2024-01,NO,0
2024-02,NO,0
2024-03,NO,0
2024-04,NO,0
2024-05,NO,0
2024-06,NO,0
2024-07,NO,0
2024-08,NO,0
2024-09,NO,0
2024-10,NO,0
2024-11,NO,0
2024-12,NO,0
2025-01,NO,0
2025-02,NO,0
2025-03,NO,0
2025-04,NO,0
2025-05,NO,0
2025-06,NO,0
2025-07,NO,0
2025-08,NO,0
2025-09,NO,0
2025-10,NO,0
2025-11,NO,0
2025-12,NO,0
2026-01,NO,0
2026-02,NO,0
2026-03,NO,0
2026-04,NO,0
2026-05,NO,0
2026-06,NO,0
2026-07,NO,0
2026-08,NO,0
2014-12,NP,0
2015-01,NP,0
2015-02,NP,0
2015-03,NP,0
2015-04,NP,0
2015-05,NP,0
2015-06,NP,0
2015-07,NP,0
2015-08,NP,0
2015-09,NP,0
2015-10,NP,0
2015-11,NP,0
2015-12,NP,0
2016-01,NP,0
2016-02,NP,0
2016-03,NP,0
2016-04,NP,0
2016-05,NP,0
2016-06,NP,0
2016-07,NP,0
2016-08,NP,0
2016-09,NP,0
2016-10,NP,0
2016-11,NP,0
2016-12,NP,0
2017-01,NP,0
2017-02,NP,0
2017-03,NP,0
2017-04,NP,0
2017-05,NP,0
2017-06,NP,0
2017-07,NP,0
2017-08,NP,0
2017-09,NP,11
2017-10,NP,11
2017-11,NP,0
2017-12,NP,0
2018-01,NP,0
2018-02,NP,0
2018-03,NP,0
2018-04,NP,0
2018-05,NP,0
2018-06,NP,23
2018-07,NP,0
2018-08,NP,0
2018-09,NP,0
2018-10,NP,0
2018-11,NP,0
2018-12,NP,0
2019-01,NP,0
2019-02,NP,0
2019-03,NP,0
2019-04,NP,0
2019-05,NP,0
2019-06,NP,0
2019-07,NP,0
2019-08,NP,0
2019-09,NP,0
2019-10,NP,0
2019-11,NP,0
2019-12,NP,0
2020-01,NP,0
2020-02,NP,0
2020-03,NP,0
2020-04,NP,0
2020-05,NP,0
2020-06,NP,0
2020-07,NP,0
2020-08,NP,0
2020-09,NP,0
2020-10,NP,0
2020-11,NP,0
2020-12,NP,0
2021-01,NP,0
2021-02,NP,0
2021-03,NP,0
2021-04,NP,0
2021-05,NP,0
2021-06,NP,0
2021-07,NP,0
2021-08,NP,0
2021-09,NP,0
2021-10,NP,0
2021-11,NP,0
2021-12,NP,0
2022-01,NP,0
2022-02,NP,0
2022-03,NP,0
2022-04,NP,0
2022-05,NP,0
2022-06,NP,0
2022-07,NP,0
2022-08,NP,0
2022-09,NP,0
2022-10,NP,0
2022-11,NP,0
2022-12,NP,0
2023-01,NP,0
2023-02,NP,0
2023-03,NP,0
2023-04,NP,0
2023-05,NP,0
2023-06,NP,0
2023-07,NP,0
2023-08,NP,0
2023-09,NP,0
2023-10,NP,0
2023-11,NP,0
2023-12,NP,0
2024-01,NP,0
2024-02,NP,0
2024-03,NP,0
2024-04,NP,0
2024-05,NP,0
2024-06,NP,0
2024-07,NP,0
2024-08,NP,0
2024-09,NP,0
2024-10,NP,0
2024-11,NP,0
2024-12,NP,0
2025-01,NP,0
2025-02,NP,0
2025-03,NP,0
2025-04,NP,0
2025-05,NP,0
2025-06,NP,0
2025-07,NP,0
2025-08,NP,0
2025-09,NP,0
2025-10,NP,0
2025-11,NP,0
2025-12,NP,0
2026-01,NP,0
2026-02,NP,0
2026-03,NP,0
2026-04,NP,0
2026-05,NP,0
2026-06,NP,0
2026-07,NP,0
2026-08,NP,0
2014-12,NZ,0
2015-01,NZ,0
2015-02,NZ,0
2015-03,NZ,13
2015-04,NZ,21
2015-05,NZ,0
2015-06,NZ,0
2015-07,NZ,0
2015-08,NZ,24
2015-09,NZ,0
2015-10,NZ,0
2015-11,NZ,0
2015-12,NZ,0
2016-01,NZ,0
2016-02,NZ,0
2016-03,NZ,20
2016-04,NZ,0
2016-05,NZ,0
2016-06,NZ,0
2016-07,NZ,10
2016-08,NZ,10
2016-09,NZ,0
2016-10,NZ,0
2016-11,NZ,0
2016-12,NZ,0
2017-01,NZ,0
2017-02,NZ,0
2017-03,NZ,0
2017-04,NZ,0
2017-05,NZ,10
2017-06,NZ,0
2017-07,NZ,0
2017-08,NZ,0
2017-09,NZ,0
2017-10,NZ,15
2017-11,NZ,0
2017-12,NZ,0
2018-01,NZ,0
2018-02,NZ,0
2018-03,NZ,0
2018-04,NZ,0
2018-05,NZ,0
2018-06,NZ,0
2018-07,NZ,0
2018-08,NZ,0
2018-09,NZ,0
2018-10,NZ,0
2018-11,NZ,0
2018-12,NZ,0
2019-01,NZ,0
2019-02,NZ,0
2019-03,NZ,0
2019-04,NZ,0
2019-05,NZ,0
2019-06,NZ,0
2019-07,NZ,0
2019-08,NZ,0
2019-09,NZ,0
2019-10,NZ,0
2019-11,NZ,0
2019-12,NZ,0
2020-01,NZ,0
2020-02,NZ,0
2020-03,NZ,0
2020-04,NZ,0
2020-05,NZ,0
2020-06,NZ,0
2020-07,NZ,0
2020-08,NZ,0
2020-09,NZ,0
2020-10,NZ,0
2020-11,NZ,0
2020-12,NZ,0
2021-01,NZ,0
2021-02,NZ,0
2021-03,NZ,0
2021-04,NZ,0
2021-05,NZ,0
2021-06,NZ,0
2021-07,NZ,0
2021-08,NZ,0
2021-09,NZ,0
2021-10,NZ,0
2021-11,NZ,0
2021-12,NZ,0
2022-01,NZ,0
2022-02,NZ,0
2022-03,NZ,0
2022-04,NZ,0
2022-05,NZ,0
2022-06,NZ,0
2022-07,NZ,0
2022-08,NZ,0
2022-09,NZ,0
2022-10,NZ,0
2022-11,NZ,0
2022-12,NZ,0
2023-01,NZ,0
2023-02,NZ,0
2023-03,NZ,0
2023-04,NZ,0
2023-05,NZ,0
2023-06,NZ,0
2023-07,NZ,0
2023-08,NZ,0
2023-09,NZ,0
2023-10,NZ,0
2023-11,NZ,0
2023-12,NZ,0
2024-01,NZ,0
2024-02,NZ,0
2024-03,NZ,0
2024-04,NZ,0
2024-05,NZ,0
2024-06,NZ,0
2024-07,NZ,0
2024-08,NZ,0
2024-09,NZ,0
2024-10,NZ,0
2024-11,NZ,0
2024-12,NZ,0
2025-01,NZ,0
2025-02,NZ,11
2025-03,NZ,0
2025-04,NZ,0
2025-05,NZ,0
2025-06,NZ,0
2025-07,NZ,0
2025-08,NZ,0
2025-09,NZ,0
2025-10,NZ,0
2025-11,NZ,0
2025-12,NZ,0
2026-01,NZ,0
2026-02,NZ,0
2026-03,NZ,0
2026-04,NZ,0
2026-05,NZ,0
2026-06,NZ,0
2026-07,NZ,0
2026-08,NZ,0
2014-12,OM,0
2015-01,OM,0
2015-02,OM,0
2015-03,OM,0
2015-04,OM,16
2015-05,OM,0
2015-06,OM,0
2015-07,OM,0
2015-08,OM,0
2015-09,OM,0
2015-10,OM,0
2015-11,OM,0
2015-12,OM,0
2016-01,OM,30
2016-02,OM,0
2016-03,OM,0
2016-04,OM,0
2016-05,OM,0
2016-06,OM,0
2016-07,OM,0
2016-08,OM,0
2016-09,OM,29
2016-10,OM,0
2016-11,OM,0
2016-12,OM,0
2017-01,OM,0
2017-02,OM,0
2017-03,OM,0
2017-04,OM,0
2017-05,OM,0
2017-06,OM,0
2017-07,OM,0
2017-08,OM,0
2017-09,OM,0
2017-10,OM,0
2017-11,OM,0
2017-12,OM,0
2018-01,OM,0
2018-02,OM,0
2018-03,OM,0
2018-04,OM,0
2018-05,OM,0
2018-06,OM,0
2018-07,OM,0
2018-08,OM,0
2018-09,OM,0
2018-10,OM,0
2018-11,OM,0
2018-12,OM,0
2019-01,OM,0
2019-02,OM,0
2019-03,OM,0
2019-04,OM,0
2019-05,OM,0
2019-06,OM,0
2019-07,OM,0
2019-08,OM,0
2019-09,OM,0
2019-10,OM,0
2019-11,OM,0
2019-12,OM,0
2020-01,OM,0
2020-02,OM,0
2020-03,OM,0
2020-04,OM,0
2020-05,OM,0
2020-06,OM,0
2020-07,OM,0
2020-08,OM,0
2020-09,OM,0
2020-10,OM,0
2020-11,OM,0
2020-12,OM,0
2021-01,OM,0
2021-02,OM,0
2021-03,OM,0
2021-04,OM,0
2021-05,OM,0
2021-06,OM,0
2021-07,OM,0
2021-08,OM,0
2021-09,OM,0
2021-10,OM,0
2021-11,OM,0
2021-12,OM,0
2022-01,OM,0
2022-02,OM,0
2022-03,OM,0
2022-04,OM,0
2022-05,OM,0
2022-06,OM,0
2022-07,OM,0
2022-08,OM,0
2022-09,OM,0
2022-10,OM,0
2022-11,OM,0
2022-12,OM,0
2023-01,OM,0
2023-02,OM,0
2023-03,OM,0
2023-04,OM,0
2023-05,OM,0
2023-06,OM,0
2023-07,OM,0
2023-08,OM,0
2023-09,OM,0
2023-10,OM,0
2023-11,OM,0
2023-12,OM,0
2024-01,OM,0
2024-02,OM,0
2024-03,OM,0
2024-04,OM,0
2024-05,OM,0
2024-06,OM,0
2024-07,OM,0
2024-08,OM,0
2024-09,OM,0
2024-10,OM,0
2024-11,OM,0
2024-12,OM,0
2025-01,OM,0
2025-02,OM,0
2025-03,OM,0
2025-04,OM,0
2025-05,OM,0
2025-06,OM,0
2025-07,OM,0
2025-08,OM,0
2025-09,OM,0
2025-10,OM,0
2025-11,OM,0
2025-12,OM,0
2026-01,OM,0
2026-02,OM,0
2026-03,OM,0
2026-04,OM,0
2026-05,OM,0
2026-06,OM,0
2026-07,OM,0
2026-08,OM,0
2014-12,PA,0
2015-01,PA,0
2015-02,PA,0
2015-03,PA,0
2015-04,PA,0
2015-05,PA,0
2015-06,PA,0
2015-07,PA,0
2015-08,PA,0
2015-09,PA,0
2015-10,PA,0
2015-11,PA,0
2015-12,PA,0
2016-01,PA,0
2016-02,PA,0
2016-03,PA,0
2016-04,PA,0
2016-05,PA,27
2016-06,PA,18
2016-07,PA,0
2016-08,PA,0
2016-09,PA,10
2016-10,PA,0
2016-11,PA,0
2016-12,PA,0
2017-01,PA,0
2017-02,PA,0
2017-03,PA,0
2017-04,PA,0
2017-05,PA,0
2017-06,PA,0
2017-07,PA,0
2017-08,PA,0
2017-09,PA,0
2017-10,PA,0
2017-11,PA,0
2017-12,PA,0
2018-01,PA,0
2018-02,PA,0
2018-03,PA,0
2018-04,PA,52
2018-05,PA,0
2018-06,PA,0
2018-07,PA,0
2018-08,PA,0
2018-09,PA,0
2018-10,PA,0
2018-11,PA,0
2018-12,PA,0
2019-01,PA,0
2019-02,PA,0
2019-03,PA,12
2019-04,PA,0
2019-05,PA,0
2019-06,PA,0
2019-07,PA,0
2019-08,PA,0
2019-09,PA,0
2019-10,PA,0
2019-11,PA,0
2019-12,PA,0
2020-01,PA,0
2020-02,PA,0
2020-03,PA,0
2020-04,PA,0
2020-05,PA,0
2020-06,PA,0
2020-07,PA,0
2020-08,PA,0
2020-09,PA,0
2020-10,PA,0
2020-11,PA,0
2020-12,PA,0
2021-01,PA,0
2021-02,PA,0
2021-03,PA,0
2021-04,PA,0
2021-05,PA,0
2021-06,PA,0
2021-07,PA,0
2021-08,PA,0
2021-09,PA,0
2021-10,PA,0
2021-11,PA,0
2021-12,PA,0
2022-01,PA,0
2022-02,PA,0
2022-03,PA,0
2022-04,PA,0
2022-05,PA,0
2022-06,PA,0
2022-07,PA,0
2022-08,PA,0
2022-09,PA,0
2022-10,PA,0
2022-11,PA,0
2022-12,PA,0
2023-01,PA,0
2023-02,PA,0
2023-03,PA,0
2023-04,PA,0
2023-05,PA,0
2023-06,PA,0
2023-07,PA,0
2023-08,PA,0
2023-09,PA,0
2023-10,PA,0
2023-11,PA,0
2023-12,PA,0
2024-01,PA,0
2024-02,PA,0
2024-03,PA,0
2024-04,PA,0
2024-05,PA,0
2024-06,PA,0
2024-07,PA,0
2024-08,PA,0
2024-09,PA,0
2024-10,PA,0
2024-11,PA,0
2024-12,PA,0
2025-01,PA,0
2025-02,PA,0
2025-03,PA,0
2025-04,PA,0
2025-05,PA,0
2025-06,PA,0
2025-07,PA,0
2025-08,PA,0
2025-09,PA,0
2025-10,PA,0
2025-11,PA,0
2025-12,PA,0
2026-01,PA,0
2026-02,PA,0
2026-03,PA,0
2026-04,PA,0
2026-05,PA,0
2026-06,PA,0
2026-07,PA,0
2026-08,PA,0
2014-12,PE,0
2015-01,PE,0
2015-02,PE,0
2015-03,PE,31
2015-04,PE,12
2015-05,PE,0
2015-06,PE,0
2015-07,PE,0
2015-08,PE,0
2015-09,PE,0
2015-10,PE,48
2015-11,PE,31
2015-12,PE,10
2016-01,PE,10
2016-02,PE,138
2016-03,PE,326
2016-04,PE,298
2016-05,PE,108
2016-06,PE,248
2016-07,PE,194
2016-08,PE,203
2016-09,PE,111
2016-10,PE,107
2016-11,PE,70
2016-12,PE,21
2017-01,PE,145
2017-02,PE,126
2017-03,PE,95
2017-04,PE,153
2017-05,PE,169
2017-06,PE,356
2017-07,PE,243
2017-08,PE,33
2017-09,PE,69
2017-10,PE,293
2017-11,PE,209
2017-12,PE,227
2018-01,PE,97
2018-02,PE,86
2018-03,PE,87
2018-04,PE,113
2018-05,PE,47
2018-06,PE,12
2018-07,PE,13
2018-08,PE,11
2018-09,PE,31
2018-10,PE,10
2018-11,PE,10
2018-12,PE,0
2019-01,PE,12
2019-02,PE,0
2019-03,PE,0
2019-04,PE,0
2019-05,PE,0
2019-06,PE,0
2019-07,PE,0
2019-08,PE,0
2019-09,PE,0
2019-10,PE,0
2019-11,PE,10
2019-12,PE,0
2020-01,PE,0
2020-02,PE,0
2020-03,PE,0
2020-04,PE,0
2020-05,PE,0
2020-06,PE,12
2020-07,PE,0
2020-08,PE,0
2020-09,PE,0
2020-10,PE,0
2020-11,PE,0
2020-12,PE,0
2021-01,PE,0
2021-02,PE,0
2021-03,PE,0
2021-04,PE,0
2021-05,PE,0
2021-06,PE,0
2021-07,PE,66
2021-08,PE,0
2021-09,PE,0
2021-10,PE,0
2021-11,PE,0
2021-12,PE,0
2022-01,PE,0
2022-02,PE,0
2022-03,PE,0
2022-04,PE,0
2022-05,PE,0
2022-06,PE,0
2022-07,PE,0
2022-08,PE,0
2022-09,PE,0
2022-10,PE,0
2022-11,PE,0
2022-12,PE,0
2023-01,PE,0
2023-02,PE,0
2023-03,PE,0
2023-04,PE,0
2023-05,PE,0
2023-06,PE,0
2023-07,PE,0
2023-08,PE,0
2023-09,PE,0
2023-10,PE,0
2023-11,PE,0
2023-12,PE,0
2024-01,PE,0
2024-02,PE,0
2024-03,PE,0
2024-04,PE,0
2024-05,PE,0
2024-06,PE,0
2024-07,PE,0
2024-08,PE,0
2024-09,PE,0
2024-10,PE,0
2024-11,PE,0
2024-12,PE,0
2025-01,PE,0
2025-02,PE,0
2025-03,PE,0
2025-04,PE,0
2025-05,PE,0
2025-06,PE,0
2025-07,PE,0
2025-08,PE,0
2025-09,PE,0
2025-10,PE,0
2025-11,PE,0
2025-12,PE,0
2026-01,PE,0
2026-02,PE,0
2026-03,PE,0
2026-04,PE,0
2026-05,PE,0
2026-06,PE,0
2026-07,PE,0
2026-08,PE,0
2014-12,PH,0
2015-01,PH,15
2015-02,PH,21
2015-03,PH,508
2015-04,PH,1264
2015-05,PH,1257
2015-06,PH,1103
2015-07,PH,738
2015-08,PH,582
2015-09,PH,465
2015-10,PH,556
2015-11,PH,601
2015-12,PH,637
2016-01,PH,592
2016-02,PH,871
2016-03,PH,881
2016-04,PH,1249
2016-05,PH,1367
2016-06,PH,1181
2016-07,PH,900
2016-08,PH,996
2016-09,PH,854
2016-10,PH,1047
2016-11,PH,861
2016-12,PH,1050
2017-01,PH,725
2017-02,PH,909
2017-03,PH,829
2017-04,PH,959
2017-05,PH,1138
2017-06,PH,685
2017-07,PH,693
2017-08,PH,487
2017-09,PH,326
2017-10,PH,266
2017-11,PH,489
2017-12,PH,414
2018-01,PH,248
2018-02,PH,292
2018-03,PH,449
2018-04,PH,580
2018-05,PH,649
2018-06,PH,555
2018-07,PH,349
2018-08,PH,331
2018-09,PH,202
2018-10,PH,288
2018-11,PH,78
2018-12,PH,128
2019-01,PH,138
2019-02,PH,147
2019-03,PH,122
2019-04,PH,39
2019-05,PH,236
2019-06,PH,46
2019-07,PH,0
2019-08,PH,10
2019-09,PH,64
2019-10,PH,169
2019-11,PH,34
2019-12,PH,36
2020-01,PH,90
2020-02,PH,71
2020-03,PH,147
2020-04,PH,118
2020-05,PH,38
2020-06,PH,180
2020-07,PH,77
2020-08,PH,45
2020-09,PH,55
2020-10,PH,0
2020-11,PH,37
2020-12,PH,10
2021-01,PH,30
2021-02,PH,61
2021-03,PH,30
2021-04,PH,0
2021-05,PH,10
2021-06,PH,20
2021-07,PH,21
2021-08,PH,22
2021-09,PH,0
2021-10,PH,0
2021-11,PH,0
2021-12,PH,0
2022-01,PH,0
2022-02,PH,0
2022-03,PH,0
2022-04,PH,16
2022-05,PH,0
2022-06,PH,0
2022-07,PH,0
2022-08,PH,0
2022-09,PH,0
2022-10,PH,0
2022-11,PH,0
2022-12,PH,0
2023-01,PH,0
2023-02,PH,0
2023-03,PH,0
2023-04,PH,0
2023-05,PH,0
2023-06,PH,0
2023-07,PH,0
2023-08,PH,0
2023-09,PH,0
2023-10,PH,0
2023-11,PH,0
2023-12,PH,0
2024-01,PH,0
2024-02,PH,0
2024-03,PH,0
2024-04,PH,0
2024-05,PH,0
2024-06,PH,0
2024-07,PH,0
2024-08,PH,0
2024-09,PH,0
2024-10,PH,0
2024-11,PH,0
2024-12,PH,0
2025-01,PH,0
2025-02,PH,0
2025-03,PH,0
2025-04,PH,0
2025-05,PH,0
2025-06,PH,0
2025-07,PH,0
2025-08,PH,0
2025-09,PH,0
2025-10,PH,0
2025-11,PH,0
2025-12,PH,0
2026-01,PH,0
2026-02,PH,0
2026-03,PH,0
2026-04,PH,0
2026-05,PH,0
2026-06,PH,0
2026-07,PH,10
2026-08,PH,0
2014-12,PK,0
2015-01,PK,0
2015-02,PK,0
2015-03,PK,0
2015-04,PK,0
2015-05,PK,0
2015-06,PK,0
2015-07,PK,0
2015-08,PK,0
2015-09,PK,0
2015-10,PK,0
2015-11,PK,0
2015-12,PK,11
2016-01,PK,0
2016-02,PK,0
2016-03,PK,0
2016-04,PK,0
2016-05,PK,0
2016-06,PK,0
2016-07,PK,14
2016-08,PK,0
2016-09,PK,0
2016-10,PK,25
2016-11,PK,31
2016-12,PK,24
2017-01,PK,10
2017-02,PK,0
2017-03,PK,10
2017-04,PK,0
2017-05,PK,0
2017-06,PK,0
2017-07,PK,0
2017-08,PK,0
2017-09,PK,0
2017-10,PK,0
2017-11,PK,0
2017-12,PK,0
2018-01,PK,0
2018-02,PK,0
2018-03,PK,0
2018-04,PK,0
2018-05,PK,0
2018-06,PK,0
2018-07,PK,0
2018-08,PK,0
2018-09,PK,0
2018-10,PK,0
2018-11,PK,0
2018-12,PK,0
2019-01,PK,0
2019-02,PK,0
2019-03,PK,0
2019-04,PK,0
2019-05,PK,0
2019-06,PK,0
2019-07,PK,0
2019-08,PK,0
2019-09,PK,0
2019-10,PK,0
2019-11,PK,0
2019-12,PK,0
2020-01,PK,0
2020-02,PK,0
2020-03,PK,0
2020-04,PK,0
2020-05,PK,0
2020-06,PK,0
2020-07,PK,0
2020-08,PK,0
2020-09,PK,0
2020-10,PK,0
2020-11,PK,0
2020-12,PK,0
2021-01,PK,0
2021-02,PK,0
2021-03,PK,0
2021-04,PK,0
2021-05,PK,0
2021-06,PK,0
2021-07,PK,0
2021-08,PK,0
2021-09,PK,0
2021-10,PK,0
2021-11,PK,0
2021-12,PK,0
2022-01,PK,0
2022-02,PK,0
2022-03,PK,0
2022-04,PK,0
2022-05,PK,0
2022-06,PK,0
2022-07,PK,0
2022-08,PK,0
2022-09,PK,0
2022-10,PK,0
2022-11,PK,0
2022-12,PK,0
2023-01,PK,0
2023-02,PK,0
2023-03,PK,0
2023-04,PK,0
2023-05,PK,0
2023-06,PK,0
2023-07,PK,0
2023-08,PK,0
2023-09,PK,0
2023-10,PK,0
2023-11,PK,0
2023-12,PK,0
2024-01,PK,0
2024-02,PK,0
2024-03,PK,0
2024-04,PK,0
2024-05,PK,0
2024-06,PK,0
2024-07,PK,0
2024-08,PK,0
2024-09,PK,0
2024-10,PK,0
2024-11,PK,0
2024-12,PK,0
2025-01,PK,0
2025-02,PK,0
2025-03,PK,0
2025-04,PK,0
2025-05,PK,0
2025-06,PK,0
2025-07,PK,0
2025-08,PK,0
2025-09,PK,0
2025-10,PK,0
2025-11,PK,0
2025-12,PK,0
2026-01,PK,0
2026-02,PK,0
2026-03,PK,0
2026-04,PK,0
2026-05,PK,0
2026-06,PK,0
2026-07,PK,0
2026-08,PK,0
2014-12,PL,0
2015-01,PL,0
2015-02,PL,0
2015-03,PL,30
2015-04,PL,17
2015-05,PL,30
2015-06,PL,12
2015-07,PL,10
2015-08,PL,0
2015-09,PL,18
2015-10,PL,21
2015-11,PL,0
2015-12,PL,0
2016-01,PL,0
2016-02,PL,0
2016-03,PL,0
2016-04,PL,0
2016-05,PL,21
2016-06,PL,0
2016-07,PL,25
2016-08,PL,99
2016-09,PL,20
2016-10,PL,19
2016-11,PL,170
2016-12,PL,76
2017-01,PL,48
2017-02,PL,176
2017-03,PL,74
2017-04,PL,84
2017-05,PL,67
2017-06,PL,225
2017-07,PL,114
2017-08,PL,0
2017-09,PL,0
2017-10,PL,0
2017-11,PL,0
2017-12,PL,0
2018-01,PL,0
2018-02,PL,0
2018-03,PL,0
2018-04,PL,0
2018-05,PL,0
2018-06,PL,0
2018-07,PL,0
2018-08,PL,0
2018-09,PL,0
2018-10,PL,0
2018-11,PL,0
2018-12,PL,0
2019-01,PL,0
2019-02,PL,0
2019-03,PL,0
2019-04,PL,0
2019-05,PL,0
2019-06,PL,0
2019-07,PL,0
2019-08,PL,0
2019-09,PL,0
2019-10,PL,0
2019-11,PL,0
2019-12,PL,0
2020-01,PL,0
2020-02,PL,0
2020-03,PL,0
2020-04,PL,0
2020-05,PL,0
2020-06,PL,0
2020-07,PL,0
2020-08,PL,0
2020-09,PL,0
2020-10,PL,0
2020-11,PL,0
2020-12,PL,0
2021-01,PL,10
2021-02,PL,0
2021-03,PL,0
2021-04,PL,0
2021-05,PL,0
2021-06,PL,14
2021-07,PL,0
2021-08,PL,31
2021-09,PL,0
2021-10,PL,0
2021-11,PL,74
2021-12,PL,13
2022-01,PL,0
2022-02,PL,0
2022-03,PL,0
2022-04,PL,0
2022-05,PL,0
2022-06,PL,0
2022-07,PL,0
2022-08,PL,0
2022-09,PL,0
2022-10,PL,0
2022-11,PL,0
2022-12,PL,12
2023-01,PL,0
2023-02,PL,0
2023-03,PL,0
2023-04,PL,0
2023-05,PL,0
2023-06,PL,0
2023-07,PL,0
2023-08,PL,0
2023-09,PL,0
2023-10,PL,0
2023-11,PL,0
2023-12,PL,0
2024-01,PL,0
2024-02,PL,0
2024-03,PL,0
2024-04,PL,0
2024-05,PL,0
2024-06,PL,0
2024-07,PL,0
2024-08,PL,0
2024-09,PL,0
2024-10,PL,0
2024-11,PL,0
2024-12,PL,0
2025-01,PL,0
2025-02,PL,0
2025-03,PL,0
2025-04,PL,0
2025-05,PL,0
2025-06,PL,0
2025-07,PL,0
2025-08,PL,0
2025-09,PL,0
2025-10,PL,0
2025-11,PL,0
2025-12,PL,0
2026-01,PL,0
2026-02,PL,0
2026-03,PL,0
2026-04,PL,0
2026-05,PL,0
2026-06,PL,0
2026-07,PL,0
2026-08,PL,0
2014-12,PR,0
2015-01,PR,0
2015-02,PR,0
2015-03,PR,0
2015-04,PR,0
2015-05,PR,0
2015-06,PR,0
2015-07,PR,0
2015-08,PR,24
2015-09,PR,0
2015-10,PR,0
2015-11,PR,0
2015-12,PR,0
2016-01,PR,0
2016-02,PR,0
2016-03,PR,0
2016-04,PR,11
2016-05,PR,10
2016-06,PR,0
2016-07,PR,0
2016-08,PR,70
2016-09,PR,13
2016-10,PR,0
2016-11,PR,0
2016-12,PR,31
2017-01,PR,10
2017-02,PR,0
2017-03,PR,0
2017-04,PR,0
2017-05,PR,0
2017-06,PR,12
2017-07,PR,0
2017-08,PR,11
2017-09,PR,0
2017-10,PR,0
2017-11,PR,0
2017-12,PR,0
2018-01,PR,0
2018-02,PR,0
2018-03,PR,0
2018-04,PR,0
2018-05,PR,0
2018-06,PR,0
2018-07,PR,0
2018-08,PR,0
2018-09,PR,0
2018-10,PR,0
2018-11,PR,0
2018-12,PR,0
2019-01,PR,0
2019-02,PR,0
2019-03,PR,0
2019-04,PR,0
2019-05,PR,0
2019-06,PR,0
2019-07,PR,12
2019-08,PR,0
2019-09,PR,0
2019-10,PR,0
2019-11,PR,0
2019-12,PR,12
2020-01,PR,0
2020-02,PR,0
2020-03,PR,0
2020-04,PR,0
2020-05,PR,0
2020-06,PR,0
2020-07,PR,0
2020-08,PR,0
2020-09,PR,0
2020-10,PR,0
2020-11,PR,0
2020-12,PR,0
2021-01,PR,0
2021-02,PR,0
2021-03,PR,0
2021-04,PR,0
2021-05,PR,0
2021-06,PR,0
2021-07,PR,0
2021-08,PR,0
2021-09,PR,0
2021-10,PR,0
2021-11,PR,0
2021-12,PR,0
2022-01,PR,0
2022-02,PR,0
2022-03,PR,0
2022-04,PR,0
2022-05,PR,0
2022-06,PR,0
2022-07,PR,0
2022-08,PR,0
2022-09,PR,0
2022-10,PR,0
2022-11,PR,0
2022-12,PR,0
2023-01,PR,0
2023-02,PR,0
2023-03,PR,0
2023-04,PR,0
2023-05,PR,0
2023-06,PR,0
2023-07,PR,0
2023-08,PR,0
2023-09,PR,0
2023-10,PR,0
2023-11,PR,0
2023-12,PR,0
2024-01,PR,0
2024-02,PR,0
2024-03,PR,0
2024-04,PR,0
2024-05,PR,0
2024-06,PR,0
2024-07,PR,0
2024-08,PR,0
2024-09,PR,0
2024-10,PR,0
2024-11,PR,0
2024-12,PR,0
2025-01,PR,0
2025-02,PR,0
2025-03,PR,0
2025-04,PR,0
2025-05,PR,0
2025-06,PR,0
2025-07,PR,0
2025-08,PR,0
2025-09,PR,0
2025-10,PR,0
2025-11,PR,0
2025-12,PR,0
2026-01,PR,0
2026-02,PR,0
2026-03,PR,0
2026-04,PR,0
2026-05,PR,0
2026-06,PR,0
2026-07,PR,0
2026-08,PR,0
2014-12,PS,0
2015-01,PS,0
2015-02,PS,0
2015-03,PS,0
2015-04,PS,0
2015-05,PS,0
2015-06,PS,0
2015-07,PS,0
2015-08,PS,0
2015-09,PS,0
2015-10,PS,0
2015-11,PS,0
2015-12,PS,0
2016-01,PS,0
2016-02,PS,0
2016-03,PS,0
2016-04,PS,0
2016-05,PS,0
2016-06,PS,70
2016-07,PS,0
2016-08,PS,18
2016-09,PS,11
2016-10,PS,0
2016-11,PS,0
2016-12,PS,0
2017-01,PS,0
2017-02,PS,0
2017-03,PS,0
2017-04,PS,0
2017-05,PS,0
2017-06,PS,0
2017-07,PS,0
2017-08,PS,0
2017-09,PS,0
2017-10,PS,0
2017-11,PS,0
2017-12,PS,0
2018-01,PS,0
2018-02,PS,0
2018-03,PS,0
2018-04,PS,0
2018-05,PS,0
2018-06,PS,0
2018-07,PS,0
2018-08,PS,0
2018-09,PS,0
2018-10,PS,0
2018-11,PS,0
2018-12,PS,0
2019-01,PS,0
2019-02,PS,0
2019-03,PS,0
2019-04,PS,0
2019-05,PS,0
2019-06,PS,0
2019-07,PS,0
2019-08,PS,0
2019-09,PS,0
2019-10,PS,0
2019-11,PS,0
2019-12,PS,0
2020-01,PS,0
2020-02,PS,0
2020-03,PS,0
2020-04,PS,0
2020-05,PS,0
2020-06,PS,0
2020-07,PS,0
2020-08,PS,0
2020-09,PS,0
2020-10,PS,0
2020-11,PS,0
2020-12,PS,0
2021-01,PS,0
2021-02,PS,0
2021-03,PS,0
2021-04,PS,0
2021-05,PS,0
2021-06,PS,0
2021-07,PS,0
2021-08,PS,0
2021-09,PS,0
2021-10,PS,0
2021-11,PS,0
2021-12,PS,0
2022-01,PS,0
2022-02,PS,0
2022-03,PS,0
2022-04,PS,0
2022-05,PS,0
2022-06,PS,0
2022-07,PS,0
2022-08,PS,0
2022-09,PS,0
2022-10,PS,0
2022-11,PS,0
2022-12,PS,0
2023-01,PS,0
2023-02,PS,0
2023-03,PS,0
2023-04,PS,0
2023-05,PS,0
2023-06,PS,0
2023-07,PS,0
2023-08,PS,0
2023-09,PS,0
2023-10,PS,0
2023-11,PS,0
2023-12,PS,0
2024-01,PS,0
2024-02,PS,0
2024-03,PS,0
2024-04,PS,0
2024-05,PS,0
2024-06,PS,0
2024-07,PS,0
2024-08,PS,0
2024-09,PS,0
2024-10,PS,0
2024-11,PS,0
2024-12,PS,0
2025-01,PS,0
2025-02,PS,0
2025-03,PS,0
2025-04,PS,0
2025-05,PS,0
2025-06,PS,0
2025-07,PS,0
2025-08,PS,0
2025-09,PS,0
2025-10,PS,0
2025-11,PS,0
2025-12,PS,0
2026-01,PS,0
2026-02,PS,0
2026-03,PS,0
2026-04,PS,0
2026-05,PS,0
2026-06,PS,0
2026-07,PS,0
2026-08,PS,0
2014-12,PT,0
2015-01,PT,0
2015-02,PT,0
2015-03,PT,0
2015-04,PT,0
2015-05,PT,12
2015-06,PT,10
2015-07,PT,13
2015-08,PT,0
2015-09,PT,0
2015-10,PT,12
2015-11,PT,0
2015-12,PT,12
2016-01,PT,0
2016-02,PT,41
2016-03,PT,0
2016-04,PT,0
2016-05,PT,0
2016-06,PT,0
2016-07,PT,0
2016-08,PT,12
2016-09,PT,0
2016-10,PT,64
2016-11,PT,0
2016-12,PT,0
2017-01,PT,0
2017-02,PT,0
2017-03,PT,0
2017-04,PT,13
2017-05,PT,24
2017-06,PT,82
2017-07,PT,0
2017-08,PT,10
2017-09,PT,10
2017-10,PT,0
2017-11,PT,0
2017-12,PT,0
2018-01,PT,0
2018-02,PT,0
2018-03,PT,31
2018-04,PT,39
2018-05,PT,12
2018-06,PT,0
2018-07,PT,24
2018-08,PT,0
2018-09,PT,0
2018-10,PT,0
2018-11,PT,0
2018-12,PT,0
2019-01,PT,0
2019-02,PT,0
2019-03,PT,0
2019-04,PT,42
2019-05,PT,0
2019-06,PT,0
2019-07,PT,0
2019-08,PT,10
2019-09,PT,0
2019-10,PT,0
2019-11,PT,0
2019-12,PT,0
2020-01,PT,0
2020-02,PT,0
2020-03,PT,0
2020-04,PT,0
2020-05,PT,0
2020-06,PT,0
2020-07,PT,0
2020-08,PT,0
2020-09,PT,22
2020-10,PT,0
2020-11,PT,0
2020-12,PT,0
2021-01,PT,0
2021-02,PT,0
2021-03,PT,0
2021-04,PT,0
2021-05,PT,0
2021-06,PT,0
2021-07,PT,0
2021-08,PT,0
2021-09,PT,0
2021-10,PT,0
2021-11,PT,0
2021-12,PT,0
2022-01,PT,0
2022-02,PT,0
2022-03,PT,0
2022-04,PT,0
2022-05,PT,0
2022-06,PT,0
2022-07,PT,0
2022-08,PT,0
2022-09,PT,0
2022-10,PT,0
2022-11,PT,0
2022-12,PT,0
2023-01,PT,0
2023-02,PT,0
2023-03,PT,0
2023-04,PT,0
2023-05,PT,0
2023-06,PT,0
2023-07,PT,0
2023-08,PT,0
2023-09,PT,0
2023-10,PT,0
2023-11,PT,0
2023-12,PT,0
2024-01,PT,0
2024-02,PT,0
2024-03,PT,0
2024-04,PT,0
2024-05,PT,0
2024-06,PT,0
2024-07,PT,0
2024-08,PT,0
2024-09,PT,0
2024-10,PT,0
2024-11,PT,0
2024-12,PT,0
2025-01,PT,0
2025-02,PT,0
2025-03,PT,0
2025-04,PT,0
2025-05,PT,0
2025-06,PT,0
2025-07,PT,0
2025-08,PT,0
2025-09,PT,0
2025-10,PT,0
2025-11,PT,0
2025-12,PT,0
2026-01,PT,0
2026-02,PT,0
2026-03,PT,0
2026-04,PT,0
2026-05,PT,0
2026-06,PT,0
2026-07,PT,0
2026-08,PT,0
2014-12,PY,0
2015-01,PY,0
2015-02,PY,0
2015-03,PY,0
2015-04,PY,0
2015-05,PY,0
2015-06,PY,0
2015-07,PY,0
2015-08,PY,0
2015-09,PY,0
2015-10,PY,0
2015-11,PY,0
2015-12,PY,0
2016-01,PY,0
2016-02,PY,0
2016-03,PY,0
2016-04,PY,0
2016-05,PY,0
2016-06,PY,0
2016-07,PY,0
2016-08,PY,0
2016-09,PY,0
2016-10,PY,0
2016-11,PY,0
2016-12,PY,56
2017-01,PY,0
2017-02,PY,0
2017-03,PY,0
2017-04,PY,0
2017-05,PY,0
2017-06,PY,0
2017-07,PY,0
2017-08,PY,0
2017-09,PY,0
2017-10,PY,0
2017-11,PY,0
2017-12,PY,0
2018-01,PY,0
2018-02,PY,0
2018-03,PY,0
2018-04,PY,0
2018-05,PY,0
2018-06,PY,0
2018-07,PY,0
2018-08,PY,0
2018-09,PY,0
2018-10,PY,0
2018-11,PY,0
2018-12,PY,0
2019-01,PY,0
2019-02,PY,0
2019-03,PY,0
2019-04,PY,0
2019-05,PY,0
2019-06,PY,0
2019-07,PY,0
2019-08,PY,0
2019-09,PY,0
2019-10,PY,0
2019-11,PY,0
2019-12,PY,0
2020-01,PY,0
2020-02,PY,0
2020-03,PY,0
2020-04,PY,0
2020-05,PY,0
2020-06,PY,0
2020-07,PY,0
2020-08,PY,0
2020-09,PY,0
2020-10,PY,0
2020-11,PY,0
2020-12,PY,0
2021-01,PY,0
2021-02,PY,0
2021-03,PY,0
2021-04,PY,0
2021-05,PY,0
2021-06,PY,0
2021-07,PY,0
2021-08,PY,0
2021-09,PY,0
2021-10,PY,0
2021-11,PY,0
2021-12,PY,0
2022-01,PY,0
2022-02,PY,0
2022-03,PY,0
2022-04,PY,0
2022-05,PY,0
2022-06,PY,0
2022-07,PY,0
2022-08,PY,0
2022-09,PY,0
2022-10,PY,0
2022-11,PY,0
2022-12,PY,0
2023-01,PY,0
2023-02,PY,0
2023-03,PY,0
2023-04,PY,0
2023-05,PY,0
2023-06,PY,0
2023-07,PY,13
2023-08,PY,0
2023-09,PY,0
2023-10,PY,0
2023-11,PY,0
2023-12,PY,0
2024-01,PY,0
2024-02,PY,0
2024-03,PY,0
2024-04,PY,0
2024-05,PY,0
2024-06,PY,0
2024-07,PY,0
2024-08,PY,0
2024-09,PY,0
2024-10,PY,0
2024-11,PY,0
2024-12,PY,0
2025-01,PY,0
2025-02,PY,0
2025-03,PY,0
2025-04,PY,0
2025-05,PY,0
2025-06,PY,0
2025-07,PY,0
2025-08,PY,0
2025-09,PY,0
2025-10,PY,0
2025-11,PY,0
2025-12,PY,0
2026-01,PY,0
2026-02,PY,0
2026-03,PY,0
2026-04,PY,0
2026-05,PY,0
2026-06,PY,0
2026-07,PY,0
2026-08,PY,0
2014-12,QA,0
2015-01,QA,0
2015-02,QA,0
2015-03,QA,0
2015-04,QA,0
2015-05,QA,0
2015-06,QA,0
2015-07,QA,0
2015-08,QA,0
2015-09,QA,0
2015-10,QA,0
2015-11,QA,0
2015-12,QA,0
2016-01,QA,0
2016-02,QA,0
2016-03,QA,0
2016-04,QA,0
2016-05,QA,61
2016-06,QA,0
2016-07,QA,12
2016-08,QA,0
2016-09,QA,21
2016-10,QA,0
2016-11,QA,0
2016-12,QA,0
2017-01,QA,0
2017-02,QA,0
2017-03,QA,0
2017-04,QA,0
2017-05,QA,70
2017-06,QA,0
2017-07,QA,0
2017-08,QA,0
2017-09,QA,0
2017-10,QA,0
2017-11,QA,0
2017-12,QA,0
2018-01,QA,0
2018-02,QA,0
2018-03,QA,0
2018-04,QA,0
2018-05,QA,0
2018-06,QA,0
2018-07,QA,0
2018-08,QA,0
2018-09,QA,0
2018-10,QA,0
2018-11,QA,0
2018-12,QA,0
2019-01,QA,0
2019-02,QA,0
2019-03,QA,0
2019-04,QA,0
2019-05,QA,0
2019-06,QA,0
2019-07,QA,0
2019-08,QA,0
2019-09,QA,0
2019-10,QA,0
2019-11,QA,0
2019-12,QA,0
2020-01,QA,0
2020-02,QA,0
2020-03,QA,0
2020-04,QA,0
2020-05,QA,0
2020-06,QA,0
2020-07,QA,0
2020-08,QA,0
2020-09,QA,0
2020-10,QA,0
2020-11,QA,0
2020-12,QA,0
2021-01,QA,0
2021-02,QA,0
2021-03,QA,0
2021-04,QA,0
2021-05,QA,0
2021-06,QA,0
2021-07,QA,0
2021-08,QA,0
2021-09,QA,0
2021-10,QA,0
2021-11,QA,0
2021-12,QA,0
2022-01,QA,0
2022-02,QA,0
2022-03,QA,0
2022-04,QA,0
2022-05,QA,0
2022-06,QA,0
2022-07,QA,0
2022-08,QA,0
2022-09,QA,0
2022-10,QA,0
2022-11,QA,0
2022-12,QA,0
2023-01,QA,0
2023-02,QA,0
2023-03,QA,0
2023-04,QA,0
2023-05,QA,0
2023-06,QA,0
2023-07,QA,0
2023-08,QA,0
2023-09,QA,0
2023-10,QA,0
2023-11,QA,0
2023-12,QA,0
2024-01,QA,0
2024-02,QA,0
2024-03,QA,0
2024-04,QA,0
2024-05,QA,0
2024-06,QA,0
2024-07,QA,0
2024-08,QA,0
2024-09,QA,0
2024-10,QA,0
2024-11,QA,0
2024-12,QA,0
2025-01,QA,0
2025-02,QA,0
2025-03,QA,0
2025-04,QA,0
2025-05,QA,0
2025-06,QA,0
2025-07,QA,0
2025-08,QA,0
2025-09,QA,0
2025-10,QA,0
2025-11,QA,0
2025-12,QA,0
2026-01,QA,0
2026-02,QA,0
2026-03,QA,0
2026-04,QA,0
2026-05,QA,0
2026-06,QA,0
2026-07,QA,0
2026-08,QA,0
2014-12,RE,0
2015-01,RE,0
2015-02,RE,0
2015-03,RE,0
2015-04,RE,0
2015-05,RE,0
2015-06,RE,0
2015-07,RE,0
2015-08,RE,0
2015-09,RE,0
2015-10,RE,0
2015-11,RE,0
2015-12,RE,0
2016-01,RE,0
2016-02,RE,0
2016-03,RE,0
2016-04,RE,22
2016-05,RE,0
2016-06,RE,0
2016-07,RE,0
2016-08,RE,0
2016-09,RE,0
2016-10,RE,0
2016-11,RE,0
2016-12,RE,0
2017-01,RE,0
2017-02,RE,0
2017-03,RE,10
2017-04,RE,0
2017-05,RE,23
2017-06,RE,11
2017-07,RE,10
2017-08,RE,0
2017-09,RE,64
2017-10,RE,0
2017-11,RE,0
2017-12,RE,0
2018-01,RE,0
2018-02,RE,0
2018-03,RE,17
2018-04,RE,0
2018-05,RE,0
2018-06,RE,0
2018-07,RE,10
2018-08,RE,0
2018-09,RE,0
2018-10,RE,0
2018-11,RE,0
2018-12,RE,0
2019-01,RE,0
2019-02,RE,0
2019-03,RE,0
2019-04,RE,0
2019-05,RE,0
2019-06,RE,0
2019-07,RE,0
2019-08,RE,0
2019-09,RE,0
2019-10,RE,0
2019-11,RE,0
2019-12,RE,0
2020-01,RE,0
2020-02,RE,0
2020-03,RE,0
2020-04,RE,0
2020-05,RE,0
2020-06,RE,0
2020-07,RE,0
2020-08,RE,0
2020-09,RE,0
2020-10,RE,0
2020-11,RE,0
2020-12,RE,0
2021-01,RE,0
2021-02,RE,0
2021-03,RE,0
2021-04,RE,0
2021-05,RE,0
2021-06,RE,0
2021-07,RE,0
2021-08,RE,0
2021-09,RE,0
2021-10,RE,0
2021-11,RE,0
2021-12,RE,0
2022-01,RE,0
2022-02,RE,0
2022-03,RE,0
2022-04,RE,0
2022-05,RE,0
2022-06,RE,0
2022-07,RE,0
2022-08,RE,0
2022-09,RE,0
2022-10,RE,0
2022-11,RE,0
2022-12,RE,0
2023-01,RE,0
2023-02,RE,0
2023-03,RE,0
2023-04,RE,0
2023-05,RE,0
2023-06,RE,0
2023-07,RE,0
2023-08,RE,0
2023-09,RE,0
2023-10,RE,0
2023-11,RE,0
2023-12,RE,0
2024-01,RE,0
2024-02,RE,0
2024-03,RE,0
2024-04,RE,0
2024-05,RE,0
2024-06,RE,0
2024-07,RE,0
2024-08,RE,0
2024-09,RE,0
2024-10,RE,0
2024-11,RE,0
2024-12,RE,0
2025-01,RE,0
2025-02,RE,0
2025-03,RE,0
2025-04,RE,0
2025-05,RE,0
2025-06,RE,0
2025-07,RE,0
2025-08,RE,0
2025-09,RE,0
2025-10,RE,0
2025-11,RE,0
2025-12,RE,0
2026-01,RE,0
2026-02,RE,0
2026-03,RE,0
2026-04,RE,0
2026-05,RE,0
2026-06,RE,0
2026-07,RE,0
2026-08,RE,0
2014-12,RO,0
2015-01,RO,0
2015-02,RO,0
2015-03,RO,12
2015-04,RO,0
2015-05,RO,0
2015-06,RO,0
2015-07,RO,0
2015-08,RO,0
2015-09,RO,0
2015-10,RO,0
2015-11,RO,0
2015-12,RO,21
2016-01,RO,0
2016-02,RO,0
2016-03,RO,0
2016-04,RO,0
2016-05,RO,0
2016-06,RO,0
2016-07,RO,0
2016-08,RO,38
2016-09,RO,0
2016-10,RO,0
2016-11,RO,0
2016-12,RO,0
2017-01,RO,0
2017-02,RO,0
2017-03,RO,0
2017-04,RO,0
2017-05,RO,0
2017-06,RO,0
2017-07,RO,0
2017-08,RO,0
2017-09,RO,0
2017-10,RO,0
2017-11,RO,0
2017-12,RO,0
2018-01,RO,0
2018-02,RO,0
2018-03,RO,0
2018-04,RO,0
2018-05,RO,0
2018-06,RO,0
2018-07,RO,0
2018-08,RO,0
2018-09,RO,0
2018-10,RO,0
2018-11,RO,0
2018-12,RO,0
2019-01,RO,0
2019-02,RO,0
2019-03,RO,0
2019-04,RO,0
2019-05,RO,0
2019-06,RO,0
2019-07,RO,0
2019-08,RO,0
2019-09,RO,0
2019-10,RO,0
2019-11,RO,0
2019-12,RO,0
2020-01,RO,0
2020-02,RO,0
2020-03,RO,0
2020-04,RO,0
2020-05,RO,0
2020-06,RO,0
2020-07,RO,0
2020-08,RO,0
2020-09,RO,0
2020-10,RO,0
2020-11,RO,0
2020-12,RO,0
2021-01,RO,0
2021-02,RO,0
2021-03,RO,0
2021-04,RO,0
2021-05,RO,0
2021-06,RO,0
2021-07,RO,0
2021-08,RO,0
2021-09,RO,0
2021-10,RO,0
2021-11,RO,0
2021-12,RO,0
2022-01,RO,0
2022-02,RO,0
2022-03,RO,0
2022-04,RO,0
2022-05,RO,0
2022-06,RO,0
2022-07,RO,0
2022-08,RO,0
2022-09,RO,0
2022-10,RO,0
2022-11,RO,0
2022-12,RO,0
2023-01,RO,0
2023-02,RO,0
2023-03,RO,0
2023-04,RO,0
2023-05,RO,0
2023-06,RO,0
2023-07,RO,0
2023-08,RO,0
2023-09,RO,0
2023-10,RO,0
2023-11,RO,0
2023-12,RO,0
2024-01,RO,0
2024-02,RO,0
2024-03,RO,0
2024-04,RO,0
2024-05,RO,0
2024-06,RO,0
2024-07,RO,0
2024-08,RO,0
2024-09,RO,0
2024-10,RO,0
2024-11,RO,0
2024-12,RO,0
2025-01,RO,0
2025-02,RO,0
2025-03,RO,0
2025-04,RO,0
2025-05,RO,0
2025-06,RO,0
2025-07,RO,0
2025-08,RO,0
2025-09,RO,0
2025-10,RO,0
2025-11,RO,0
2025-12,RO,0
2026-01,RO,0
2026-02,RO,0
2026-03,RO,0
2026-04,RO,0
2026-05,RO,0
2026-06,RO,0
2026-07,RO,0
2026-08,RO,0
2014-12,RS,0
2015-01,RS,0
2015-02,RS,0
2015-03,RS,0
2015-04,RS,0
2015-05,RS,0
2015-06,RS,12
2015-07,RS,10
2015-08,RS,0
2015-09,RS,0
2015-10,RS,0
2015-11,RS,0
2015-12,RS,0
2016-01,RS,0
2016-02,RS,0
2016-03,RS,0
2016-04,RS,0
2016-05,RS,0
2016-06,RS,0
2016-07,RS,0
2016-08,RS,43
2016-09,RS,0
2016-10,RS,14
2016-11,RS,0
2016-12,RS,0
2017-01,RS,0
2017-02,RS,0
2017-03,RS,0
2017-04,RS,47
2017-05,RS,21
2017-06,RS,17
2017-07,RS,0
2017-08,RS,0
2017-09,RS,0
2017-10,RS,0
2017-11,RS,0
2017-12,RS,0
2018-01,RS,0
2018-02,RS,0
2018-03,RS,0
2018-04,RS,0
2018-05,RS,0
2018-06,RS,0
2018-07,RS,0
2018-08,RS,0
2018-09,RS,0
2018-10,RS,0
2018-11,RS,0
2018-12,RS,0
2019-01,RS,0
2019-02,RS,0
2019-03,RS,0
2019-04,RS,0
2019-05,RS,0
2019-06,RS,0
2019-07,RS,0
2019-08,RS,0
2019-09,RS,0
2019-10,RS,0
2019-11,RS,0
2019-12,RS,0
2020-01,RS,0
2020-02,RS,0
2020-03,RS,0
2020-04,RS,0
2020-05,RS,0
2020-06,RS,0
2020-07,RS,0
2020-08,RS,0
2020-09,RS,0
2020-10,RS,0
2020-11,RS,0
2020-12,RS,0
2021-01,RS,0
2021-02,RS,0
2021-03,RS,0
2021-04,RS,0
2021-05,RS,0
2021-06,RS,0
2021-07,RS,0
2021-08,RS,0
2021-09,RS,0
2021-10,RS,0
2021-11,RS,0
2021-12,RS,0
2022-01,RS,0
2022-02,RS,0
2022-03,RS,0
2022-04,RS,0
2022-05,RS,0
2022-06,RS,0
2022-07,RS,0
2022-08,RS,0
2022-09,RS,0
2022-10,RS,0
2022-11,RS,0
2022-12,RS,0
2023-01,RS,0
2023-02,RS,0
2023-03,RS,0
2023-04,RS,0
2023-05,RS,0
2023-06,RS,0
2023-07,RS,0
2023-08,RS,0
2023-09,RS,0
2023-10,RS,0
2023-11,RS,0
2023-12,RS,0
2024-01,RS,0
2024-02,RS,0
2024-03,RS,0
2024-04,RS,0
2024-05,RS,0
2024-06,RS,0
2024-07,RS,0
2024-08,RS,0
2024-09,RS,0
2024-10,RS,0
2024-11,RS,0
2024-12,RS,0
2025-01,RS,0
2025-02,RS,0
2025-03,RS,0
2025-04,RS,0
2025-05,RS,0
2025-06,RS,0
2025-07,RS,0
2025-08,RS,0
2025-09,RS,0
2025-10,RS,0
2025-11,RS,0
2025-12,RS,0
2026-01,RS,0
2026-02,RS,0
2026-03,RS,0
2026-04,RS,0
2026-05,RS,0
2026-06,RS,0
2026-07,RS,0
2026-08,RS,0
2014-12,RU,0
2015-01,RU,0
2015-02,RU,0
2015-03,RU,0
2015-04,RU,15
2015-05,RU,12
2015-06,RU,0
2015-07,RU,15
2015-08,RU,10
2015-09,RU,41
2015-10,RU,63
2015-11,RU,76
2015-12,RU,98
2016-01,RU,38
2016-02,RU,59
2016-03,RU,35
2016-04,RU,26
2016-05,RU,29
2016-06,RU,32
2016-07,RU,25
2016-08,RU,34
2016-09,RU,126
2016-10,RU,0
2016-11,RU,92
2016-12,RU,124
2017-01,RU,40
2017-02,RU,13
2017-03,RU,10
2017-04,RU,20
2017-05,RU,14
2017-06,RU,70
2017-07,RU,27
2017-08,RU,10
2017-09,RU,0
2017-10,RU,13
2017-11,RU,94
2017-12,RU,25
2018-01,RU,13
2018-02,RU,0
2018-03,RU,51
2018-04,RU,36
2018-05,RU,11
2018-06,RU,31
2018-07,RU,0
2018-08,RU,0
2018-09,RU,10
2018-10,RU,0
2018-11,RU,0
2018-12,RU,10
2019-01,RU,0
2019-02,RU,0
2019-03,RU,11
2019-04,RU,0
2019-05,RU,17
2019-06,RU,0
2019-07,RU,0
2019-08,RU,0
2019-09,RU,0
2019-10,RU,0
2019-11,RU,0
2019-12,RU,0
2020-01,RU,0
2020-02,RU,20
2020-03,RU,0
2020-04,RU,0
2020-05,RU,0
2020-06,RU,0
2020-07,RU,0
2020-08,RU,0
2020-09,RU,0
2020-10,RU,40
2020-11,RU,0
2020-12,RU,30
2021-01,RU,0
2021-02,RU,0
2021-03,RU,0
2021-04,RU,0
2021-05,RU,0
2021-06,RU,0
2021-07,RU,0
2021-08,RU,0
2021-09,RU,0
2021-10,RU,0
2021-11,RU,0
2021-12,RU,0
2022-01,RU,0
2022-02,RU,0
2022-03,RU,0
2022-04,RU,0
2022-05,RU,0
2022-06,RU,0
2022-07,RU,0
2022-08,RU,0
2022-09,RU,0
2022-10,RU,10
2022-11,RU,0
2022-12,RU,0
2023-01,RU,10
2023-02,RU,0
2023-03,RU,0
2023-04,RU,12
2023-05,RU,0
2023-06,RU,0
2023-07,RU,10
2023-08,RU,0
2023-09,RU,0
2023-10,RU,0
2023-11,RU,0
2023-12,RU,0
2024-01,RU,0
2024-02,RU,0
2024-03,RU,0
2024-04,RU,0
2024-05,RU,0
2024-06,RU,0
2024-07,RU,0
2024-08,RU,0
2024-09,RU,0
2024-10,RU,0
2024-11,RU,0
2024-12,RU,0
2025-01,RU,0
2025-02,RU,0
2025-03,RU,0
2025-04,RU,0
2025-05,RU,0
2025-06,RU,0
2025-07,RU,0
2025-08,RU,0
2025-09,RU,0
2025-10,RU,0
2025-11,RU,0
2025-12,RU,0
2026-01,RU,0
2026-02,RU,0
2026-03,RU,0
2026-04,RU,0
2026-05,RU,0
2026-06,RU,0
2026-07,RU,0
2026-08,RU,0
2014-12,SA,0
2015-01,SA,0
2015-02,SA,0
2015-03,SA,124
2015-04,SA,252
2015-05,SA,226
2015-06,SA,149
2015-07,SA,153
2015-08,SA,173
2015-09,SA,169
2015-10,SA,131
2015-11,SA,47
2015-12,SA,117
2016-01,SA,132
2016-02,SA,106
2016-03,SA,116
2016-04,SA,105
2016-05,SA,275
2016-06,SA,160
2016-07,SA,297
2016-08,SA,642
2016-09,SA,409
2016-10,SA,151
2016-11,SA,80
2016-12,SA,164
2017-01,SA,201
2017-02,SA,124
2017-03,SA,34
2017-04,SA,155
2017-05,SA,364
2017-06,SA,206
2017-07,SA,276
2017-08,SA,212
2017-09,SA,66
2017-10,SA,11
2017-11,SA,0
2017-12,SA,33
2018-01,SA,25
2018-02,SA,11
2018-03,SA,10
2018-04,SA,12
2018-05,SA,10
2018-06,SA,70
2018-07,SA,50
2018-08,SA,71
2018-09,SA,53
2018-10,SA,0
2018-11,SA,0
2018-12,SA,0
2019-01,SA,11
2019-02,SA,0
2019-03,SA,0
2019-04,SA,0
2019-05,SA,0
2019-06,SA,0
2019-07,SA,0
2019-08,SA,26
2019-09,SA,16
2019-10,SA,0
2019-11,SA,27
2019-12,SA,0
2020-01,SA,0
2020-02,SA,0
2020-03,SA,0
2020-04,SA,0
2020-05,SA,0
2020-06,SA,0
2020-07,SA,0
2020-08,SA,0
2020-09,SA,10
2020-10,SA,0
2020-11,SA,12
2020-12,SA,10
2021-01,SA,0
2021-02,SA,0
2021-03,SA,0
2021-04,SA,0
2021-05,SA,0
2021-06,SA,0
2021-07,SA,0
2021-08,SA,0
2021-09,SA,0
2021-10,SA,0
2021-11,SA,0
2021-12,SA,10
2022-01,SA,0
2022-02,SA,35
2022-03,SA,0
2022-04,SA,0
2022-05,SA,0
2022-06,SA,0
2022-07,SA,0
2022-08,SA,0
2022-09,SA,0
2022-10,SA,0
2022-11,SA,0
2022-12,SA,0
2023-01,SA,0
2023-02,SA,0
2023-03,SA,0
2023-04,SA,0
2023-05,SA,0
2023-06,SA,0
2023-07,SA,0
2023-08,SA,0
2023-09,SA,0
2023-10,SA,0
2023-11,SA,0
2023-12,SA,0
2024-01,SA,0
2024-02,SA,0
2024-03,SA,0
2024-04,SA,0
2024-05,SA,0
2024-06,SA,0
2024-07,SA,0
2024-08,SA,0
2024-09,SA,0
2024-10,SA,0
2024-11,SA,0
2024-12,SA,0
2025-01,SA,0
2025-02,SA,0
2025-03,SA,0
2025-04,SA,0
2025-05,SA,0
2025-06,SA,0
2025-07,SA,0
2025-08,SA,0
2025-09,SA,0
2025-10,SA,0
2025-11,SA,0
2025-12,SA,0
2026-01,SA,0
2026-02,SA,0
2026-03,SA,0
2026-04,SA,0
2026-05,SA,0
2026-06,SA,0
2026-07,SA,0
2026-08,SA,0
2014-12,SE,0
2015-01,SE,0
2015-02,SE,0
2015-03,SE,0
2015-04,SE,27
2015-05,SE,0
2015-06,SE,127
2015-07,SE,15
2015-08,SE,0
2015-09,SE,26
2015-10,SE,0
2015-11,SE,31
2015-12,SE,60
2016-01,SE,36
2016-02,SE,61
2016-03,SE,114
2016-04,SE,0
2016-05,SE,12
2016-06,SE,10
2016-07,SE,39
2016-08,SE,11
2016-09,SE,25
2016-10,SE,34
2016-11,SE,110
2016-12,SE,21
2017-01,SE,49
2017-02,SE,0
2017-03,SE,11
2017-04,SE,14
2017-05,SE,74
2017-06,SE,48
2017-07,SE,0
2017-08,SE,0
2017-09,SE,10
2017-10,SE,10
2017-11,SE,0
2017-12,SE,0
2018-01,SE,0
2018-02,SE,0
2018-03,SE,0
2018-04,SE,10
2018-05,SE,0
2018-06,SE,0
2018-07,SE,0
2018-08,SE,50
2018-09,SE,0
2018-10,SE,0
2018-11,SE,11
2018-12,SE,0
2019-01,SE,0
2019-02,SE,0
2019-03,SE,0
2019-04,SE,0
2019-05,SE,10
2019-06,SE,0
2019-07,SE,0
2019-08,SE,0
2019-09,SE,0
2019-10,SE,0
2019-11,SE,0
2019-12,SE,0
2020-01,SE,0
2020-02,SE,0
2020-03,SE,0
2020-04,SE,0
2020-05,SE,0
2020-06,SE,0
2020-07,SE,0
2020-08,SE,0
2020-09,SE,0
2020-10,SE,0
2020-11,SE,0
2020-12,SE,0
2021-01,SE,0
2021-02,SE,0
2021-03,SE,0
2021-04,SE,0
2021-05,SE,0
2021-06,SE,0
2021-07,SE,0
2021-08,SE,0
2021-09,SE,0
2021-10,SE,0
2021-11,SE,0
2021-12,SE,0
2022-01,SE,0
2022-02,SE,0
2022-03,SE,0
2022-04,SE,0
2022-05,SE,0
2022-06,SE,0
2022-07,SE,0
2022-08,SE,0
2022-09,SE,0
2022-10,SE,0
2022-11,SE,0
2022-12,SE,0
2023-01,SE,0
2023-02,SE,0
2023-03,SE,0
2023-04,SE,0
2023-05,SE,0
2023-06,SE,0
2023-07,SE,0
2023-08,SE,0
2023-09,SE,0
2023-10,SE,0
2023-11,SE,0
2023-12,SE,0
2024-01,SE,0
2024-02,SE,0
2024-03,SE,0
2024-04,SE,0
2024-05,SE,0
2024-06,SE,0
2024-07,SE,0
2024-08,SE,0
2024-09,SE,0
2024-10,SE,0
2024-11,SE,0
2024-12,SE,0
2025-01,SE,0
2025-02,SE,0
2025-03,SE,0
2025-04,SE,0
2025-05,SE,0
2025-06,SE,0
2025-07,SE,0
2025-08,SE,0
2025-09,SE,0
2025-10,SE,0
2025-11,SE,0
2025-12,SE,0
2026-01,SE,0
2026-02,SE,0
2026-03,SE,0
2026-04,SE,0
2026-05,SE,0
2026-06,SE,0
2026-07,SE,0
2026-08,SE,0
2014-12,SG,0
2015-01,SG,0
2015-02,SG,0
2015-03,SG,168
2015-04,SG,543
2015-05,SG,468
2015-06,SG,708
2015-07,SG,671
2015-08,SG,289
2015-09,SG,145
2015-10,SG,350
2015-11,SG,391
2015-12,SG,474
2016-01,SG,154
2016-02,SG,270
2016-03,SG,205
2016-04,SG,239
2016-05,SG,163
2016-06,SG,135
2016-07,SG,205
2016-08,SG,229
2016-09,SG,175
2016-10,SG,121
2016-11,SG,180
2016-12,SG,190
2017-01,SG,197
2017-02,SG,189
2017-03,SG,126
2017-04,SG,99
2017-05,SG,147
2017-06,SG,164
2017-07,SG,117
2017-08,SG,133
2017-09,SG,42
2017-10,SG,39
2017-11,SG,21
2017-12,SG,39
2018-01,SG,11
2018-02,SG,12
2018-03,SG,0
2018-04,SG,16
2018-05,SG,0
2018-06,SG,0
2018-07,SG,0
2018-08,SG,0
2018-09,SG,10
2018-10,SG,32
2018-11,SG,0
2018-12,SG,14
2019-01,SG,0
2019-02,SG,10
2019-03,SG,0
2019-04,SG,0
2019-05,SG,0
2019-06,SG,11
2019-07,SG,0
2019-08,SG,0
2019-09,SG,35
2019-10,SG,0
2019-11,SG,0
2019-12,SG,0
2020-01,SG,0
2020-02,SG,0
2020-03,SG,0
2020-04,SG,0
2020-05,SG,0
2020-06,SG,0
2020-07,SG,0
2020-08,SG,0
2020-09,SG,0
2020-10,SG,0
2020-11,SG,0
2020-12,SG,0
2021-01,SG,0
2021-02,SG,0
2021-03,SG,0
2021-04,SG,0
2021-05,SG,0
2021-06,SG,0
2021-07,SG,0
2021-08,SG,0
2021-09,SG,10
2021-10,SG,0
2021-11,SG,0
2021-12,SG,10
2022-01,SG,0
2022-02,SG,0
2022-03,SG,0
2022-04,SG,0
2022-05,SG,0
2022-06,SG,0
2022-07,SG,0
2022-08,SG,0
2022-09,SG,0
2022-10,SG,0
2022-11,SG,0
2022-12,SG,0
2023-01,SG,12
2023-02,SG,0
2023-03,SG,0
2023-04,SG,0
2023-05,SG,0
2023-06,SG,0
2023-07,SG,0
2023-08,SG,0
2023-09,SG,0
2023-10,SG,0
2023-11,SG,0
2023-12,SG,0
2024-01,SG,0
2024-02,SG,0
2024-03,SG,0
2024-04,SG,0
2024-05,SG,0
2024-06,SG,0
2024-07,SG,0
2024-08,SG,0
2024-09,SG,0
2024-10,SG,0
2024-11,SG,0
2024-12,SG,0
2025-01,SG,0
2025-02,SG,0
2025-03,SG,0
2025-04,SG,0
2025-05,SG,0
2025-06,SG,0
2025-07,SG,0
2025-08,SG,0
2025-09,SG,0
2025-10,SG,0
2025-11,SG,10
2025-12,SG,0
2026-01,SG,0
2026-02,SG,0
2026-03,SG,0
2026-04,SG,0
2026-05,SG,0
2026-06,SG,0
2026-07,SG,0
2026-08,SG,0
2014-12,SK,0
2015-01,SK,0
2015-02,SK,0
2015-03,SK,0
2015-04,SK,0
2015-05,SK,0
2015-06,SK,0
2015-07,SK,0
2015-08,SK,0
2015-09,SK,0
2015-10,SK,0
2015-11,SK,0
2015-12,SK,0
2016-01,SK,92
2016-02,SK,204
2016-03,SK,14
2016-04,SK,0
2016-05,SK,27
2016-06,SK,0
2016-07,SK,0
2016-08,SK,0
2016-09,SK,0
2016-10,SK,0
2016-11,SK,0
2016-12,SK,0
2017-01,SK,0
2017-02,SK,0
2017-03,SK,0
2017-04,SK,0
2017-05,SK,0
2017-06,SK,0
2017-07,SK,0
2017-08,SK,34
2017-09,SK,0
2017-10,SK,0
2017-11,SK,0
2017-12,SK,0
2018-01,SK,0
2018-02,SK,0
2018-03,SK,0
2018-04,SK,0
2018-05,SK,0
2018-06,SK,0
2018-07,SK,0
2018-08,SK,0
2018-09,SK,0
2018-10,SK,0
2018-11,SK,0
2018-12,SK,0
2019-01,SK,0
2019-02,SK,0
2019-03,SK,0
2019-04,SK,0
2019-05,SK,0
2019-06,SK,0
2019-07,SK,0
2019-08,SK,0
2019-09,SK,0
2019-10,SK,0
2019-11,SK,0
2019-12,SK,0
2020-01,SK,0
2020-02,SK,0
2020-03,SK,0
2020-04,SK,0
2020-05,SK,0
2020-06,SK,0
2020-07,SK,0
2020-08,SK,0
2020-09,SK,0
2020-10,SK,0
2020-11,SK,0
2020-12,SK,0
2021-01,SK,0
2021-02,SK,0
2021-03,SK,0
2021-04,SK,0
2021-05,SK,0
2021-06,SK,0
2021-07,SK,0
2021-08,SK,0
2021-09,SK,0
2021-10,SK,0
2021-11,SK,0
2021-12,SK,0
2022-01,SK,0
2022-02,SK,0
2022-03,SK,0
2022-04,SK,0
2022-05,SK,0
2022-06,SK,0
2022-07,SK,0
2022-08,SK,0
2022-09,SK,0
2022-10,SK,0
2022-11,SK,0
2022-12,SK,0
2023-01,SK,0
2023-02,SK,0
2023-03,SK,0
2023-04,SK,0
2023-05,SK,0
2023-06,SK,0
2023-07,SK,0
2023-08,SK,0
2023-09,SK,0
2023-10,SK,0
2023-11,SK,0
2023-12,SK,0
2024-01,SK,0
2024-02,SK,0
2024-03,SK,0
2024-04,SK,0
2024-05,SK,0
2024-06,SK,0
2024-07,SK,0
2024-08,SK,0
2024-09,SK,0
2024-10,SK,0
2024-11,SK,0
2024-12,SK,0
2025-01,SK,0
2025-02,SK,0
2025-03,SK,0
2025-04,SK,0
2025-05,SK,0
2025-06,SK,0
2025-07,SK,0
2025-08,SK,0
2025-09,SK,0
2025-10,SK,0
2025-11,SK,0
2025-12,SK,0
2026-01,SK,0
2026-02,SK,0
2026-03,SK,0
2026-04,SK,0
2026-05,SK,0
2026-06,SK,0
2026-07,SK,0
2026-08,SK,0
2014-12,SV,0
2015-01,SV,0
2015-02,SV,0
2015-03,SV,0
2015-04,SV,0
2015-05,SV,0
2015-06,SV,0
2015-07,SV,0
2015-08,SV,0
2015-09,SV,0
2015-10,SV,0
2015-11,SV,0
2015-12,SV,0
2016-01,SV,0
2016-02,SV,0
2016-03,SV,0
2016-04,SV,0
2016-05,SV,0
2016-06,SV,0
2016-07,SV,0
2016-08,SV,0
2016-09,SV,26
2016-10,SV,0
2016-11,SV,0
2016-12,SV,0
2017-01,SV,0
2017-02,SV,0
2017-03,SV,0
2017-04,SV,0
2017-05,SV,0
2017-06,SV,0
2017-07,SV,0
2017-08,SV,0
2017-09,SV,0
2017-10,SV,0
2017-11,SV,0
2017-12,SV,0
2018-01,SV,0
2018-02,SV,0
2018-03,SV,0
2018-04,SV,0
2018-05,SV,0
2018-06,SV,0
2018-07,SV,0
2018-08,SV,0
2018-09,SV,0
2018-10,SV,0
2018-11,SV,0
2018-12,SV,0
2019-01,SV,0
2019-02,SV,0
2019-03,SV,0
2019-04,SV,0
2019-05,SV,0
2019-06,SV,0
2019-07,SV,0
2019-08,SV,0
2019-09,SV,0
2019-10,SV,0
2019-11,SV,0
2019-12,SV,0
2020-01,SV,0
2020-02,SV,0
2020-03,SV,0
2020-04,SV,0
2020-05,SV,0
2020-06,SV,0
2020-07,SV,0
2020-08,SV,0
2020-09,SV,0
2020-10,SV,0
2020-11,SV,0
2020-12,SV,0
2021-01,SV,0
2021-02,SV,0
2021-03,SV,0
2021-04,SV,0
2021-05,SV,0
2021-06,SV,0
2021-07,SV,0
2021-08,SV,0
2021-09,SV,0
2021-10,SV,0
2021-11,SV,0
2021-12,SV,0
2022-01,SV,0
2022-02,SV,0
2022-03,SV,0
2022-04,SV,0
2022-05,SV,0
2022-06,SV,0
2022-07,SV,0
2022-08,SV,0
2022-09,SV,0
2022-10,SV,0
2022-11,SV,0
2022-12,SV,0
2023-01,SV,0
2023-02,SV,0
2023-03,SV,0
2023-04,SV,0
2023-05,SV,0
2023-06,SV,0
2023-07,SV,0
2023-08,SV,0
2023-09,SV,0
2023-10,SV,0
2023-11,SV,0
2023-12,SV,0
2024-01,SV,0
2024-02,SV,0
2024-03,SV,0
2024-04,SV,0
2024-05,SV,0
2024-06,SV,0
2024-07,SV,0
2024-08,SV,0
2024-09,SV,0
2024-10,SV,0
2024-11,SV,0
2024-12,SV,0
2025-01,SV,0
2025-02,SV,0
2025-03,SV,0
2025-04,SV,0
2025-05,SV,0
2025-06,SV,0
2025-07,SV,0
2025-08,SV,0
2025-09,SV,0
2025-10,SV,0
2025-11,SV,0
2025-12,SV,0
2026-01,SV,0
2026-02,SV,0
2026-03,SV,0
2026-04,SV,0
2026-05,SV,0
2026-06,SV,0
2026-07,SV,0
2026-08,SV,0
2014-12,SY,0
2015-01,SY,0
2015-02,SY,0
2015-03,SY,0
2015-04,SY,0
2015-05,SY,0
2015-06,SY,0
2015-07,SY,0
2015-08,SY,0
2015-09,SY,0
2015-10,SY,0
2015-11,SY,0
2015-12,SY,0
2016-01,SY,0
2016-02,SY,0
2016-03,SY,0
2016-04,SY,0
2016-05,SY,0
2016-06,SY,0
2016-07,SY,0
2016-08,SY,0
2016-09,SY,0
2016-10,SY,0
2016-11,SY,0
2016-12,SY,0
2017-01,SY,0
2017-02,SY,0
2017-03,SY,10
2017-04,SY,0
2017-05,SY,0
2017-06,SY,0
2017-07,SY,0
2017-08,SY,0
2017-09,SY,0
2017-10,SY,0
2017-11,SY,0
2017-12,SY,0
2018-01,SY,0
2018-02,SY,0
2018-03,SY,0
2018-04,SY,0
2018-05,SY,0
2018-06,SY,0
2018-07,SY,0
2018-08,SY,0
2018-09,SY,0
2018-10,SY,0
2018-11,SY,0
2018-12,SY,0
2019-01,SY,0
2019-02,SY,0
2019-03,SY,0
2019-04,SY,0
2019-05,SY,0
2019-06,SY,0
2019-07,SY,0
2019-08,SY,0
2019-09,SY,0
2019-10,SY,0
2019-11,SY,0
2019-12,SY,0
2020-01,SY,0
2020-02,SY,0
2020-03,SY,0
2020-04,SY,0
2020-05,SY,0
2020-06,SY,0
2020-07,SY,0
2020-08,SY,0
2020-09,SY,0
2020-10,SY,0
2020-11,SY,0
2020-12,SY,0
2021-01,SY,0
2021-02,SY,0
2021-03,SY,0
2021-04,SY,0
2021-05,SY,0
2021-06,SY,0
2021-07,SY,0
2021-08,SY,0
2021-09,SY,0
2021-10,SY,0
2021-11,SY,0
2021-12,SY,0
2022-01,SY,0
2022-02,SY,0
2022-03,SY,0
2022-04,SY,0
2022-05,SY,0
2022-06,SY,0
2022-07,SY,0
2022-08,SY,0
2022-09,SY,0
2022-10,SY,0
2022-11,SY,0
2022-12,SY,0
2023-01,SY,0
2023-02,SY,0
2023-03,SY,0
2023-04,SY,0
2023-05,SY,0
2023-06,SY,0
2023-07,SY,0
2023-08,SY,0
2023-09,SY,0
2023-10,SY,0
2023-11,SY,0
2023-12,SY,0
2024-01,SY,0
2024-02,SY,0
2024-03,SY,0
2024-04,SY,0
2024-05,SY,0
2024-06,SY,0
2024-07,SY,0
2024-08,SY,0
2024-09,SY,0
2024-10,SY,0
2024-11,SY,0
2024-12,SY,0
2025-01,SY,0
2025-02,SY,0
2025-03,SY,0
2025-04,SY,0
2025-05,SY,0
2025-06,SY,0
2025-07,SY,0
2025-08,SY,0
2025-09,SY,0
2025-10,SY,0
2025-11,SY,0
2025-12,SY,0
2026-01,SY,0
2026-02,SY,0
2026-03,SY,0
2026-04,SY,0
2026-05,SY,0
2026-06,SY,0
2026-07,SY,0
2026-08,SY,0
2014-12,TH,0
2015-01,TH,0
2015-02,TH,10
2015-03,TH,378
2015-04,TH,1040
2015-05,TH,1092
2015-06,TH,1004
2015-07,TH,659
2015-08,TH,734
2015-09,TH,858
2015-10,TH,1902
2015-11,TH,865
2015-12,TH,1209
2016-01,TH,1186
2016-02,TH,1334
2016-03,TH,1380
2016-04,TH,1302
2016-05,TH,1471
2016-06,TH,1255
2016-07,TH,1173
2016-08,TH,1424
2016-09,TH,995
2016-10,TH,1087
2016-11,TH,1079
2016-12,TH,876
2017-01,TH,705
2017-02,TH,691
2017-03,TH,1067
2017-04,TH,952
2017-05,TH,1131
2017-06,TH,888
2017-07,TH,823
2017-08,TH,601
2017-09,TH,501
2017-10,TH,567
2017-11,TH,305
2017-12,TH,623
2018-01,TH,464
2018-02,TH,329
2018-03,TH,409
2018-04,TH,480
2018-05,TH,409
2018-06,TH,223
2018-07,TH,361
2018-08,TH,947
2018-09,TH,1905
2018-10,TH,2089
2018-11,TH,1256
2018-12,TH,1876
2019-01,TH,1246
2019-02,TH,1457
2019-03,TH,1440
2019-04,TH,1404
2019-05,TH,1606
2019-06,TH,896
2019-07,TH,745
2019-08,TH,650
2019-09,TH,864
2019-10,TH,1431
2019-11,TH,1128
2019-12,TH,743
2020-01,TH,595
2020-02,TH,426
2020-03,TH,617
2020-04,TH,961
2020-05,TH,1064
2020-06,TH,977
2020-07,TH,720
2020-08,TH,630
2020-09,TH,703
2020-10,TH,418
2020-11,TH,380
2020-12,TH,210
2021-01,TH,416
2021-02,TH,551
2021-03,TH,65
2021-04,TH,104
2021-05,TH,361
2021-06,TH,543
2021-07,TH,898
2021-08,TH,592
2021-09,TH,563
2021-10,TH,597
2021-11,TH,143
2021-12,TH,223
2022-01,TH,200
2022-02,TH,112
2022-03,TH,39
2022-04,TH,10
2022-05,TH,30
2022-06,TH,44
2022-07,TH,12
2022-08,TH,22
2022-09,TH,12
2022-10,TH,22
2022-11,TH,0
2022-12,TH,10
2023-01,TH,20
2023-02,TH,0
2023-03,TH,20
2023-04,TH,0
2023-05,TH,0
2023-06,TH,0
2023-07,TH,0
2023-08,TH,0
2023-09,TH,0
2023-10,TH,0
2023-11,TH,0
2023-12,TH,0
2024-01,TH,0
2024-02,TH,0
2024-03,TH,0
2024-04,TH,0
2024-05,TH,0
2024-06,TH,0
2024-07,TH,0
2024-08,TH,13
2024-09,TH,0
2024-10,TH,0
2024-11,TH,0
2024-12,TH,0
2025-01,TH,0
2025-02,TH,0
2025-03,TH,0
2025-04,TH,0
2025-05,TH,0
2025-06,TH,0
2025-07,TH,0
2025-08,TH,0
2025-09,TH,0
2025-10,TH,0
2025-11,TH,0
2025-12,TH,0
2026-01,TH,0
2026-02,TH,0
2026-03,TH,0
2026-04,TH,0
2026-05,TH,0
2026-06,TH,0
2026-07,TH,0
2026-08,TH,0
2014-12,TN,0
2015-01,TN,0
2015-02,TN,0
2015-03,TN,0
2015-04,TN,0
2015-05,TN,0
2015-06,TN,0
2015-07,TN,0
2015-08,TN,0
2015-09,TN,0
2015-10,TN,0
2015-11,TN,0
2015-12,TN,0
2016-01,TN,0
2016-02,TN,0
2016-03,TN,0
2016-04,TN,0
2016-05,TN,0
2016-06,TN,0
2016-07,TN,0
2016-08,TN,0
2016-09,TN,10
2016-10,TN,0
2016-11,TN,0
2016-12,TN,0
2017-01,TN,0
2017-02,TN,0
2017-03,TN,0
2017-04,TN,0
2017-05,TN,0
2017-06,TN,0
2017-07,TN,0
2017-08,TN,0
2017-09,TN,0
2017-10,TN,0
2017-11,TN,0
2017-12,TN,0
2018-01,TN,0
2018-02,TN,0
2018-03,TN,0
2018-04,TN,0
2018-05,TN,0
2018-06,TN,0
2018-07,TN,0
2018-08,TN,0
2018-09,TN,0
2018-10,TN,0
2018-11,TN,0
2018-12,TN,0
2019-01,TN,0
2019-02,TN,0
2019-03,TN,0
2019-04,TN,0
2019-05,TN,0
2019-06,TN,0
2019-07,TN,0
2019-08,TN,0
2019-09,TN,0
2019-10,TN,0
2019-11,TN,0
2019-12,TN,0
2020-01,TN,0
2020-02,TN,0
2020-03,TN,0
2020-04,TN,0
2020-05,TN,0
2020-06,TN,0
2020-07,TN,0
2020-08,TN,0
2020-09,TN,0
2020-10,TN,0
2020-11,TN,0
2020-12,TN,0
2021-01,TN,0
2021-02,TN,0
2021-03,TN,0
2021-04,TN,0
2021-05,TN,0
2021-06,TN,0
2021-07,TN,0
2021-08,TN,0
2021-09,TN,0
2021-10,TN,0
2021-11,TN,0
2021-12,TN,0
2022-01,TN,0
2022-02,TN,0
2022-03,TN,0
2022-04,TN,0
2022-05,TN,0
2022-06,TN,0
2022-07,TN,0
2022-08,TN,0
2022-09,TN,0
2022-10,TN,0
2022-11,TN,0
2022-12,TN,0
2023-01,TN,0
2023-02,TN,0
2023-03,TN,0
2023-04,TN,0
2023-05,TN,0
2023-06,TN,0
2023-07,TN,0
2023-08,TN,0
2023-09,TN,0
2023-10,TN,0
2023-11,TN,0
2023-12,TN,0
2024-01,TN,0
2024-02,TN,0
2024-03,TN,0
2024-04,TN,0
2024-05,TN,0
2024-06,TN,0
2024-07,TN,0
2024-08,TN,0
2024-09,TN,0
2024-10,TN,0
2024-11,TN,0
2024-12,TN,0
2025-01,TN,0
2025-02,TN,0
2025-03,TN,0
2025-04,TN,0
2025-05,TN,0
2025-06,TN,0
2025-07,TN,0
2025-08,TN,0
2025-09,TN,0
2025-10,TN,0
2025-11,TN,0
2025-12,TN,0
2026-01,TN,0
2026-02,TN,0
2026-03,TN,0
2026-04,TN,0
2026-05,TN,0
2026-06,TN,0
2026-07,TN,0
2026-08,TN,0
2014-12,TR,0
2015-01,TR,0
2015-02,TR,0
2015-03,TR,0
2015-04,TR,0
2015-05,TR,0
2015-06,TR,0
2015-07,TR,33
2015-08,TR,0
2015-09,TR,18
2015-10,TR,0
2015-11,TR,0
2015-12,TR,10
2016-01,TR,10
2016-02,TR,11
2016-03,TR,0
2016-04,TR,14
2016-05,TR,0
2016-06,TR,0
2016-07,TR,0
2016-08,TR,93
2016-09,TR,10
2016-10,TR,31
2016-11,TR,0
2016-12,TR,23
2017-01,TR,11
2017-02,TR,0
2017-03,TR,21
2017-04,TR,0
2017-05,TR,0
2017-06,TR,17
2017-07,TR,0
2017-08,TR,0
2017-09,TR,11
2017-10,TR,0
2017-11,TR,0
2017-12,TR,0
2018-01,TR,0
2018-02,TR,0
2018-03,TR,0
2018-04,TR,0
2018-05,TR,0
2018-06,TR,0
2018-07,TR,0
2018-08,TR,0
2018-09,TR,0
2018-10,TR,0
2018-11,TR,0
2018-12,TR,0
2019-01,TR,0
2019-02,TR,0
2019-03,TR,0
2019-04,TR,0
2019-05,TR,0
2019-06,TR,0
2019-07,TR,0
2019-08,TR,0
2019-09,TR,0
2019-10,TR,0
2019-11,TR,0
2019-12,TR,0
2020-01,TR,0
2020-02,TR,0
2020-03,TR,0
2020-04,TR,0
2020-05,TR,0
2020-06,TR,0
2020-07,TR,0
2020-08,TR,12
2020-09,TR,0
2020-10,TR,0
2020-11,TR,0
2020-12,TR,0
2021-01,TR,0
2021-02,TR,0
2021-03,TR,0
2021-04,TR,0
2021-05,TR,0
2021-06,TR,0
2021-07,TR,0
2021-08,TR,0
2021-09,TR,0
2021-10,TR,0
2021-11,TR,0
2021-12,TR,0
2022-01,TR,0
2022-02,TR,0
2022-03,TR,0
2022-04,TR,0
2022-05,TR,0
2022-06,TR,0
2022-07,TR,0
2022-08,TR,0
2022-09,TR,0
2022-10,TR,0
2022-11,TR,0
2022-12,TR,0
2023-01,TR,0
2023-02,TR,0
2023-03,TR,0
2023-04,TR,0
2023-05,TR,0
2023-06,TR,0
2023-07,TR,0
2023-08,TR,0
2023-09,TR,0
2023-10,TR,0
2023-11,TR,0
2023-12,TR,0
2024-01,TR,0
2024-02,TR,0
2024-03,TR,0
2024-04,TR,0
2024-05,TR,0
2024-06,TR,0
2024-07,TR,0
2024-08,TR,0
2024-09,TR,0
2024-10,TR,0
2024-11,TR,0
2024-12,TR,0
2025-01,TR,0
2025-02,TR,0
2025-03,TR,0
2025-04,TR,0
2025-05,TR,0
2025-06,TR,0
2025-07,TR,0
2025-08,TR,0
2025-09,TR,0
2025-10,TR,0
2025-11,TR,0
2025-12,TR,0
2026-01,TR,0
2026-02,TR,0
2026-03,TR,0
2026-04,TR,0
2026-05,TR,0
2026-06,TR,0
2026-07,TR,0
2026-08,TR,0
2014-12,TW,0
2015-01,TW,0
2015-02,TW,42
2015-03,TW,923
2015-04,TW,1646
2015-05,TW,2159
2015-06,TW,2846
2015-07,TW,2181
2015-08,TW,2255
2015-09,TW,2000
2015-10,TW,2351
2015-11,TW,2234
2015-12,TW,2939
2016-01,TW,4058
2016-02,TW,2944
2016-03,TW,2495
2016-04,TW,3635
2016-05,TW,3751
2016-06,TW,2957
2016-07,TW,3857
2016-08,TW,3704
2016-09,TW,2134
2016-10,TW,1585
2016-11,TW,1143
2016-12,TW,1067
2017-01,TW,1238
2017-02,TW,1332
2017-03,TW,1512
2017-04,TW,1805
2017-05,TW,2883
2017-06,TW,2857
2017-07,TW,3767
2017-08,TW,3258
2017-09,TW,1576
2017-10,TW,1221
2017-11,TW,1142
2017-12,TW,1398
2018-01,TW,1225
2018-02,TW,1355
2018-03,TW,1378
2018-04,TW,1717
2018-05,TW,1395
2018-06,TW,1251
2018-07,TW,1764
2018-08,TW,1856
2018-09,TW,1603
2018-10,TW,1385
2018-11,TW,852
2018-12,TW,946
2019-01,TW,1082
2019-02,TW,1109
2019-03,TW,1273
2019-04,TW,767
2019-05,TW,1135
2019-06,TW,742
2019-07,TW,389
2019-08,TW,621
2019-09,TW,518
2019-10,TW,642
2019-11,TW,595
2019-12,TW,449
2020-01,TW,436
2020-02,TW,483
2020-03,TW,354
2020-04,TW,385
2020-05,TW,385
2020-06,TW,464
2020-07,TW,503
2020-08,TW,508
2020-09,TW,162
2020-10,TW,257
2020-11,TW,172
2020-12,TW,134
2021-01,TW,329
2021-02,TW,435
2021-03,TW,170
2021-04,TW,246
2021-05,TW,392
2021-06,TW,761
2021-07,TW,994
2021-08,TW,647
2021-09,TW,334
2021-10,TW,406
2021-11,TW,144
2021-12,TW,78
2022-01,TW,71
2022-02,TW,67
2022-03,TW,86
2022-04,TW,93
2022-05,TW,33
2022-06,TW,113
2022-07,TW,83
2022-08,TW,132
2022-09,TW,11
2022-10,TW,10
2022-11,TW,71
2022-12,TW,76
2023-01,TW,74
2023-02,TW,39
2023-03,TW,0
2023-04,TW,0
2023-05,TW,0
2023-06,TW,0
2023-07,TW,13
2023-08,TW,0
2023-09,TW,32
2023-10,TW,0
2023-11,TW,0
2023-12,TW,0
2024-01,TW,0
2024-02,TW,0
2024-03,TW,0
2024-04,TW,0
2024-05,TW,0
2024-06,TW,0
2024-07,TW,0
2024-08,TW,42
2024-09,TW,21
2024-10,TW,0
2024-11,TW,0
2024-12,TW,0
2025-01,TW,0
2025-02,TW,0
2025-03,TW,0
2025-04,TW,38
2025-05,TW,49
2025-06,TW,10
2025-07,TW,0
2025-08,TW,0
2025-09,TW,0
2025-10,TW,10
2025-11,TW,0
2025-12,TW,33
2026-01,TW,0
2026-02,TW,10
2026-03,TW,14
2026-04,TW,0
2026-05,TW,0
2026-06,TW,0
2026-07,TW,0
2026-08,TW,0
2014-12,UA,0
2015-01,UA,0
2015-02,UA,0
2015-03,UA,0
2015-04,UA,0
2015-05,UA,0
2015-06,UA,0
2015-07,UA,0
2015-08,UA,0
2015-09,UA,0
2015-10,UA,0
2015-11,UA,0
2015-12,UA,0
2016-01,UA,0
2016-02,UA,0
2016-03,UA,0
2016-04,UA,0
2016-05,UA,0
2016-06,UA,0
2016-07,UA,0
2016-08,UA,0
2016-09,UA,0
2016-10,UA,0
2016-11,UA,0
2016-12,UA,0
2017-01,UA,0
2017-02,UA,0
2017-03,UA,0
2017-04,UA,0
2017-05,UA,0
2017-06,UA,0
2017-07,UA,0
2017-08,UA,26
2017-09,UA,0
2017-10,UA,0
2017-11,UA,0
2017-12,UA,0
2018-01,UA,0
2018-02,UA,0
2018-03,UA,0
2018-04,UA,0
2018-05,UA,0
2018-06,UA,0
2018-07,UA,0
2018-08,UA,0
2018-09,UA,0
2018-10,UA,0
2018-11,UA,0
2018-12,UA,0
2019-01,UA,0
2019-02,UA,0
2019-03,UA,0
2019-04,UA,0
2019-05,UA,0
2019-06,UA,0
2019-07,UA,0
2019-08,UA,0
2019-09,UA,0
2019-10,UA,0
2019-11,UA,0
2019-12,UA,0
2020-01,UA,24
2020-02,UA,0
2020-03,UA,0
2020-04,UA,0
2020-05,UA,0
2020-06,UA,0
2020-07,UA,0
2020-08,UA,0
2020-09,UA,0
2020-10,UA,0
2020-11,UA,0
2020-12,UA,0
2021-01,UA,0
2021-02,UA,0
2021-03,UA,0
2021-04,UA,0
2021-05,UA,0
2021-06,UA,0
2021-07,UA,0
2021-08,UA,0
2021-09,UA,0
2021-10,UA,0
2021-11,UA,0
2021-12,UA,0
2022-01,UA,0
2022-02,UA,0
2022-03,UA,0
2022-04,UA,0
2022-05,UA,10
2022-06,UA,0
2022-07,UA,0
2022-08,UA,0
2022-09,UA,0
2022-10,UA,0
2022-11,UA,0
2022-12,UA,0
2023-01,UA,0
2023-02,UA,0
2023-03,UA,0
2023-04,UA,0
2023-05,UA,0
2023-06,UA,0
2023-07,UA,0
2023-08,UA,0
2023-09,UA,0
2023-10,UA,0
2023-11,UA,0
2023-12,UA,0
2024-01,UA,0
2024-02,UA,0
2024-03,UA,0
2024-04,UA,0
2024-05,UA,0
2024-06,UA,0
2024-07,UA,0
2024-08,UA,0
2024-09,UA,0
2024-10,UA,0
2024-11,UA,0
2024-12,UA,0
2025-01,UA,0
2025-02,UA,0
2025-03,UA,0
2025-04,UA,0
2025-05,UA,0
2025-06,UA,0
2025-07,UA,0
2025-08,UA,0
2025-09,UA,0
2025-10,UA,0
2025-11,UA,0
2025-12,UA,0
2026-01,UA,0
2026-02,UA,0
2026-03,UA,0
2026-04,UA,0
2026-05,UA,0
2026-06,UA,0
2026-07,UA,0
2026-08,UA,0
2014-12,US,0
2015-01,US,62
2015-02,US,136
2015-03,US,1821
2015-04,US,4075
2015-05,US,4006
2015-06,US,4428
2015-07,US,4626
2015-08,US,3211
2015-09,US,2468
2015-10,US,2380
2015-11,US,2913
2015-12,US,3166
2016-01,US,3242
2016-02,US,3056
2016-03,US,3727
2016-04,US,3616
2016-05,US,3880
2016-06,US,3393
2016-07,US,3631
2016-08,US,4027
2016-09,US,3103
2016-10,US,2964
2016-11,US,3527
2016-12,US,3070
2017-01,US,3238
2017-02,US,3291
2017-03,US,3557
2017-04,US,3974
2017-05,US,3904
2017-06,US,3856
2017-07,US,3302
2017-08,US,2874
2017-09,US,2133
2017-10,US,1750
2017-11,US,1641
2017-12,US,1836
2018-01,US,1967
2018-02,US,1860
2018-03,US,1862
2018-04,US,1839
2018-05,US,1582
2018-06,US,1409
2018-07,US,1537
2018-08,US,1544
2018-09,US,1530
2018-10,US,1198
2018-11,US,788
2018-12,US,855
2019-01,US,1090
2019-02,US,895
2019-03,US,776
2019-04,US,637
2019-05,US,650
2019-06,US,629
2019-07,US,569
2019-08,US,626
2019-09,US,621
2019-10,US,652
2019-11,US,629
2019-12,US,684
2020-01,US,585
2020-02,US,481
2020-03,US,552
2020-04,US,590
2020-05,US,598
2020-06,US,402
2020-07,US,415
2020-08,US,417
2020-09,US,260
2020-10,US,291
2020-11,US,279
2020-12,US,322
2021-01,US,455
2021-02,US,556
2021-03,US,350
2021-04,US,230
2021-05,US,419
2021-06,US,237
2021-07,US,460
2021-08,US,392
2021-09,US,269
2021-10,US,201
2021-11,US,96
2021-12,US,47
2022-01,US,56
2022-02,US,83
2022-03,US,251
2022-04,US,258
2022-05,US,175
2022-06,US,255
2022-07,US,236
2022-08,US,220
2022-09,US,172
2022-10,US,160
2022-11,US,226
2022-12,US,217
2023-01,US,245
2023-02,US,164
2023-03,US,261
2023-04,US,81
2023-05,US,91
2023-06,US,121
2023-07,US,147
2023-08,US,123
2023-09,US,23
2023-10,US,23
2023-11,US,10
2023-12,US,53
2024-01,US,184
2024-02,US,97
2024-03,US,59
2024-04,US,11
2024-05,US,78
2024-06,US,94
2024-07,US,10
2024-08,US,21
2024-09,US,10
2024-10,US,10
2024-11,US,22
2024-12,US,0
2025-01,US,126
2025-02,US,23
2025-03,US,0
2025-04,US,0
2025-05,US,46
2025-06,US,22
2025-07,US,0
2025-08,US,10
2025-09,US,53
2025-10,US,20
2025-11,US,0
2025-12,US,13
2026-01,US,0
2026-02,US,36
2026-03,US,27
2026-04,US,53
2026-05,US,109
2026-06,US,0
2026-07,US,12
2026-08,US,0
2014-12,UY,0
2015-01,UY,0
2015-02,UY,0
2015-03,UY,0
2015-04,UY,0
2015-05,UY,0
2015-06,UY,0
2015-07,UY,0
2015-08,UY,0
2015-09,UY,0
2015-10,UY,0
2015-11,UY,0
2015-12,UY,0
2016-01,UY,0
2016-02,UY,0
2016-03,UY,117
2016-04,UY,12
2016-05,UY,10
2016-06,UY,0
2016-07,UY,10
2016-08,UY,12
2016-09,UY,0
2016-10,UY,10
2016-11,UY,0
2016-12,UY,0
2017-01,UY,0
2017-02,UY,0
2017-03,UY,0
2017-04,UY,0
2017-05,UY,0
2017-06,UY,11
2017-07,UY,0
2017-08,UY,0
2017-09,UY,0
2017-10,UY,12
2017-11,UY,0
2017-12,UY,0
2018-01,UY,0
2018-02,UY,0
2018-03,UY,0
2018-04,UY,0
2018-05,UY,0
2018-06,UY,13
2018-07,UY,0
2018-08,UY,0
2018-09,UY,0
2018-10,UY,0
2018-11,UY,0
2018-12,UY,0
2019-01,UY,0
2019-02,UY,0
2019-03,UY,0
2019-04,UY,0
2019-05,UY,0
2019-06,UY,0
2019-07,UY,0
2019-08,UY,0
2019-09,UY,0
2019-10,UY,0
2019-11,UY,0
2019-12,UY,0
2020-01,UY,0
2020-02,UY,0
2020-03,UY,0
2020-04,UY,0
2020-05,UY,0
2020-06,UY,0
2020-07,UY,0
2020-08,UY,0
2020-09,UY,0
2020-10,UY,0
2020-11,UY,0
2020-12,UY,0
2021-01,UY,0
2021-02,UY,0
2021-03,UY,0
2021-04,UY,0
2021-05,UY,0
2021-06,UY,0
2021-07,UY,0
2021-08,UY,0
2021-09,UY,0
2021-10,UY,0
2021-11,UY,0
2021-12,UY,0
2022-01,UY,0
2022-02,UY,0
2022-03,UY,0
2022-04,UY,0
2022-05,UY,0
2022-06,UY,0
2022-07,UY,0
2022-08,UY,0
2022-09,UY,0
2022-10,UY,0
2022-11,UY,0
2022-12,UY,0
2023-01,UY,0
2023-02,UY,0
2023-03,UY,0
2023-04,UY,0
2023-05,UY,0
2023-06,UY,0
2023-07,UY,0
2023-08,UY,0
2023-09,UY,0
2023-10,UY,0
2023-11,UY,0
2023-12,UY,0
2024-01,UY,0
2024-02,UY,0
2024-03,UY,0
2024-04,UY,0
2024-05,UY,0
2024-06,UY,0
2024-07,UY,0
2024-08,UY,0
2024-09,UY,0
2024-10,UY,0
2024-11,UY,0
2024-12,UY,0
2025-01,UY,0
2025-02,UY,0
2025-03,UY,0
2025-04,UY,0
2025-05,UY,0
2025-06,UY,0
2025-07,UY,0
2025-08,UY,0
2025-09,UY,0
2025-10,UY,0
2025-11,UY,0
2025-12,UY,0
2026-01,UY,0
2026-02,UY,0
2026-03,UY,0
2026-04,UY,0
2026-05,UY,0
2026-06,UY,0
2026-07,UY,0
2026-08,UY,0
2014-12,VE,0
2015-01,VE,0
2015-02,VE,0
2015-03,VE,11
2015-04,VE,122
2015-05,VE,141
2015-06,VE,218
2015-07,VE,122
2015-08,VE,0
2015-09,VE,0
2015-10,VE,0
2015-11,VE,0
2015-12,VE,26
2016-01,VE,12
2016-02,VE,0
2016-03,VE,27
2016-04,VE,11
2016-05,VE,29
2016-06,VE,10
2016-07,VE,31
2016-08,VE,0
2016-09,VE,0
2016-10,VE,0
2016-11,VE,14
2016-12,VE,56
2017-01,VE,47
2017-02,VE,12
2017-03,VE,21
2017-04,VE,35
2017-05,VE,10
2017-06,VE,16
2017-07,VE,0
2017-08,VE,15
2017-09,VE,0
2017-10,VE,0
2017-11,VE,0
2017-12,VE,0
2018-01,VE,0
2018-02,VE,0
2018-03,VE,0
2018-04,VE,0
2018-05,VE,0
2018-06,VE,0
2018-07,VE,0
2018-08,VE,0
2018-09,VE,0
2018-10,VE,0
2018-11,VE,0
2018-12,VE,0
2019-01,VE,0
2019-02,VE,0
2019-03,VE,0
2019-04,VE,0
2019-05,VE,0
2019-06,VE,0
2019-07,VE,0
2019-08,VE,0
2019-09,VE,0
2019-10,VE,0
2019-11,VE,10
2019-12,VE,0
2020-01,VE,0
2020-02,VE,0
2020-03,VE,0
2020-04,VE,0
2020-05,VE,0
2020-06,VE,0
2020-07,VE,0
2020-08,VE,0
2020-09,VE,0
2020-10,VE,0
2020-11,VE,0
2020-12,VE,0
2021-01,VE,0
2021-02,VE,0
2021-03,VE,0
2021-04,VE,0
2021-05,VE,0
2021-06,VE,0
2021-07,VE,0
2021-08,VE,0
2021-09,VE,0
2021-10,VE,0
2021-11,VE,0
2021-12,VE,0
2022-01,VE,0
2022-02,VE,0
2022-03,VE,0
2022-04,VE,0
2022-05,VE,0
2022-06,VE,0
2022-07,VE,0
2022-08,VE,0
2022-09,VE,0
2022-10,VE,0
2022-11,VE,0
2022-12,VE,0
2023-01,VE,0
2023-02,VE,0
2023-03,VE,0
2023-04,VE,0
2023-05,VE,0
2023-06,VE,0
2023-07,VE,0
2023-08,VE,0
2023-09,VE,0
2023-10,VE,0
2023-11,VE,0
2023-12,VE,0
2024-01,VE,0
2024-02,VE,0
2024-03,VE,0
2024-04,VE,0
2024-05,VE,0
2024-06,VE,0
2024-07,VE,0
2024-08,VE,0
2024-09,VE,0
2024-10,VE,0
2024-11,VE,0
2024-12,VE,0
2025-01,VE,0
2025-02,VE,0
2025-03,VE,0
2025-04,VE,0
2025-05,VE,0
2025-06,VE,0
2025-07,VE,0
2025-08,VE,0
2025-09,VE,0
2025-10,VE,0
2025-11,VE,0
2025-12,VE,0
2026-01,VE,0
2026-02,VE,0
2026-03,VE,0
2026-04,VE,0
2026-05,VE,0
2026-06,VE,0
2026-07,VE,0
2026-08,VE,0
2014-12,VN,0
2015-01,VN,0
2015-02,VN,21
2015-03,VN,251
2015-04,VN,465
2015-05,VN,667
2015-06,VN,946
2015-07,VN,988
2015-08,VN,1152
2015-09,VN,589
2015-10,VN,1098
2015-11,VN,592
2015-12,VN,730
2016-01,VN,999
2016-02,VN,1560
2016-03,VN,1772
2016-04,VN,2123
2016-05,VN,2936
2016-06,VN,2390
2016-07,VN,2792
2016-08,VN,3025
2016-09,VN,1765
2016-10,VN,1823
2016-11,VN,1854
2016-12,VN,2221
2017-01,VN,2162
2017-02,VN,1792
2017-03,VN,2451
2017-04,VN,2251
2017-05,VN,3155
2017-06,VN,3831
2017-07,VN,3916
2017-08,VN,3038
2017-09,VN,1960
2017-10,VN,1543
2017-11,VN,1187
2017-12,VN,1574
2018-01,VN,1749
2018-02,VN,3577
2018-03,VN,5420
2018-04,VN,5530
2018-05,VN,6957
2018-06,VN,6226
2018-07,VN,6194
2018-08,VN,5873
2018-09,VN,4798
2018-10,VN,4401
2018-11,VN,2953
2018-12,VN,3382
2019-01,VN,4149
2019-02,VN,3745
2019-03,VN,3140
2019-04,VN,2279
2019-05,VN,3157
2019-06,VN,2216
2019-07,VN,1799
2019-08,VN,1715
2019-09,VN,1373
2019-10,VN,1411
2019-11,VN,1254
2019-12,VN,1462
2020-01,VN,1590
2020-02,VN,1457
2020-03,VN,2237
2020-04,VN,2278
2020-05,VN,1956
2020-06,VN,1889
2020-07,VN,2144
2020-08,VN,1544
2020-09,VN,1138
2020-10,VN,1289
2020-11,VN,957
2020-12,VN,1047
2021-01,VN,1342
2021-02,VN,1110
2021-03,VN,889
2021-04,VN,354
2021-05,VN,1274
2021-06,VN,2193
2021-07,VN,2969
2021-08,VN,3024
2021-09,VN,3185
2021-10,VN,2686
2021-11,VN,1705
2021-12,VN,1629
2022-01,VN,1458
2022-02,VN,598
2022-03,VN,579
2022-04,VN,113
2022-05,VN,67
2022-06,VN,125
2022-07,VN,145
2022-08,VN,87
2022-09,VN,61
2022-10,VN,34
2022-11,VN,0
2022-12,VN,13
2023-01,VN,59
2023-02,VN,56
2023-03,VN,47
2023-04,VN,11
2023-05,VN,258
2023-06,VN,253
2023-07,VN,238
2023-08,VN,133
2023-09,VN,133
2023-10,VN,0
2023-11,VN,0
2023-12,VN,0
2024-01,VN,22
2024-02,VN,40
2024-03,VN,0
2024-04,VN,0
2024-05,VN,45
2024-06,VN,11
2024-07,VN,15
2024-08,VN,0
2024-09,VN,0
2024-10,VN,0
2024-11,VN,0
2024-12,VN,0
2025-01,VN,0
2025-02,VN,10
2025-03,VN,0
2025-04,VN,10
2025-05,VN,0
2025-06,VN,0
2025-07,VN,0
2025-08,VN,0
2025-09,VN,175
2025-10,VN,44
2025-11,VN,35
2025-12,VN,0
2026-01,VN,14
2026-02,VN,0
2026-03,VN,24
2026-04,VN,0
2026-05,VN,0
2026-06,VN,0
2026-07,VN,0
2026-08,VN,0
2014-12,ZA,0
2015-01,ZA,0
2015-02,ZA,0
2015-03,ZA,0
2015-04,ZA,0
2015-05,ZA,0
2015-06,ZA,0
2015-07,ZA,0
2015-08,ZA,0
2015-09,ZA,0
2015-10,ZA,0
2015-11,ZA,0
2015-12,ZA,0
2016-01,ZA,14
2016-02,ZA,41
2016-03,ZA,0
2016-04,ZA,0
2016-05,ZA,0
2016-06,ZA,10
2016-07,ZA,0
2016-08,ZA,0
2016-09,ZA,0
2016-10,ZA,0
2016-11,ZA,0
2016-12,ZA,0
2017-01,ZA,0
2017-02,ZA,15
2017-03,ZA,0
2017-04,ZA,0
2017-05,ZA,0
2017-06,ZA,0
2017-07,ZA,0
2017-08,ZA,0
2017-09,ZA,0
2017-10,ZA,0
2017-11,ZA,0
2017-12,ZA,0
2018-01,ZA,0
2018-02,ZA,0
2018-03,ZA,0
2018-04,ZA,0
2018-05,ZA,0
2018-06,ZA,0
2018-07,ZA,0
2018-08,ZA,0
2018-09,ZA,0
2018-10,ZA,0
2018-11,ZA,0
2018-12,ZA,0
2019-01,ZA,0
2019-02,ZA,0
2019-03,ZA,0
2019-04,ZA,0
2019-05,ZA,0
2019-06,ZA,0
2019-07,ZA,0
2019-08,ZA,0
2019-09,ZA,0
2019-10,ZA,0
2019-11,ZA,0
2019-12,ZA,0
2020-01,ZA,0
2020-02,ZA,0
2020-03,ZA,0
2020-04,ZA,0
2020-05,ZA,0
2020-06,ZA,0
2020-07,ZA,0
2020-08,ZA,0
2020-09,ZA,0
2020-10,ZA,0
2020-11,ZA,0
2020-12,ZA,0
2021-01,ZA,0
2021-02,ZA,0
2021-03,ZA,0
2021-04,ZA,0
2021-05,ZA,0
2021-06,ZA,0
2021-07,ZA,0
2021-08,ZA,0
2021-09,ZA,0
2021-10,ZA,0
2021-11,ZA,0
2021-12,ZA,0
2022-01,ZA,0
2022-02,ZA,0
2022-03,ZA,0
2022-04,ZA,0
2022-05,ZA,0
2022-06,ZA,0
2022-07,ZA,0
2022-08,ZA,0
2022-09,ZA,0
2022-10,ZA,0
2022-11,ZA,0
2022-12,ZA,0
2023-01,ZA,0
2023-02,ZA,0
2023-03,ZA,0
2023-04,ZA,0
2023-05,ZA,0
2023-06,ZA,0
2023-07,ZA,0
2023-08,ZA,0
2023-09,ZA,0
2023-10,ZA,0
2023-11,ZA,0
2023-12,ZA,0
2024-01,ZA,0
2024-02,ZA,0
2024-03,ZA,0
2024-04,ZA,0
2024-05,ZA,0
2024-06,ZA,0
2024-07,ZA,0
2024-08,ZA,0
2024-09,ZA,0
2024-10,ZA,0
2024-11,ZA,0
2024-12,ZA,0
2025-01,ZA,0
2025-02,ZA,0
2025-03,ZA,0
2025-04,ZA,0
2025-05,ZA,0
2025-06,ZA,0
2025-07,ZA,0
2025-08,ZA,0
2025-09,ZA,0
2025-10,ZA,0
2025-11,ZA,0
2025-12,ZA,0
2026-01,ZA,0
2026-02,ZA,0
2026-03,ZA,0
2026-04,ZA,0
2026-05,ZA,0
2026-06,ZA,0
2026-07,ZA,0
2026-08,ZA,0
